resource_id,file_name,version,category
action_projectile_added_rows_v0_29,rw_action_projectile_added_rows_v0_29.csv,v0_29,action_projectile_added_rows
action_projectile_effect_turret_key_field_binding_v0_29,rw_action_projectile_effect_turret_key_field_binding_v0_29.csv,v0_29,action_projectile_effect_turret_key_field_binding
action_projectile_runtime_added_rows_v0_30,rw_action_projectile_runtime_added_rows_v0_30.csv,v0_30,action_projectile_runtime_added_rows
action_projectile_runtime_field_binding_v0_30,rw_action_projectile_runtime_field_binding_v0_30.csv,v0_30,action_projectile_runtime_field_binding
attachment_slot_semantic_hotfix_rows_v0_41,rw_attachment_slot_semantic_hotfix_rows_v0_41.csv,v0_41,attachment_slot_semantic_hotfix_rows
audio_backend_added_rows_v0_60,rw_audio_backend_added_rows_v0_60.csv,v0_60,audio_backend_added_rows
audio_backend_family_hotfix_rows_v0_60,rw_audio_backend_family_hotfix_rows_v0_60.csv,v0_60,audio_backend_family_hotfix_rows
audio_backend_flow_map_v0_60,rw_audio_backend_flow_map_v0_60.csv,v0_60,audio_backend_flow_map
audio_backend_updated_rows_v0_60,rw_audio_backend_updated_rows_v0_60.csv,v0_60,audio_backend_updated_rows
audio_factory_bridge_rows_v0_60,rw_audio_factory_bridge_rows_v0_60.csv,v0_60,audio_factory_bridge_rows
audio_family_completion_added_rows_v0_61,rw_audio_family_completion_added_rows_v0_61.csv,v0_61,audio_family_completion_added_rows
audio_family_completion_flow_map_v0_61,rw_audio_family_completion_flow_map_v0_61.csv,v0_61,audio_family_completion_flow_map
audio_family_completion_updated_rows_v0_61,rw_audio_family_completion_updated_rows_v0_61.csv,v0_61,audio_family_completion_updated_rows
audio_full_family_partial_coverage_after_v0_61,rw_audio_full_family_partial_coverage_after_v0_61.csv,v0_61,audio_full_family_partial_coverage_after
audio_openal_rows_v0_60,rw_audio_openal_rows_v0_60.csv,v0_60,audio_openal_rows
audio_utility_rows_v0_60,rw_audio_utility_rows_v0_60.csv,v0_60,audio_utility_rows
audit_hotfix_rows_v0_33,rw_audit_hotfix_rows_v0_33.csv,v0_33,audit_hotfix_rows
bad_constructor_mappings_v0_61,rw_bad_constructor_mappings_v0_61.csv,v0_61,bad_constructor_mappings
bad_constructor_mappings_v0_62,rw_bad_constructor_mappings_v0_62.csv,v0_62,bad_constructor_mappings
bad_constructor_mappings_v0_63_1,rw_bad_constructor_mappings_v0_63_1.csv,v0_63,bad_constructor_mappings_v0_63_1
bad_constructor_mappings_v0_64,rw_bad_constructor_mappings_v0_64.csv,v0_64,bad_constructor_mappings
bad_constructor_mappings_v0_65,rw_bad_constructor_mappings_v0_65.csv,v0_65,bad_constructor_mappings
bad_constructor_mappings_v0_66,rw_bad_constructor_mappings_v0_66.csv,v0_66,bad_constructor_mappings
bad_constructor_mappings_v0_67,rw_bad_constructor_mappings_v0_67.csv,v0_67,bad_constructor_mappings
canvas_drawtarget_command_rows_v0_56,rw_canvas_drawtarget_command_rows_v0_56.csv,v0_56,canvas_drawtarget_command_rows
canvas_operation_enum_rows_v0_56,rw_canvas_operation_enum_rows_v0_56.csv,v0_56,canvas_operation_enum_rows
csv_tiny_mismatch_v0_62,rw_csv_tiny_mismatch_v0_62.csv,v0_62,csv_tiny_mismatch
csv_tiny_mismatch_v0_63_1,rw_csv_tiny_mismatch_v0_63_1.csv,v0_63,csv_tiny_mismatch_v0_63_1
csv_tiny_mismatch_v0_64,rw_csv_tiny_mismatch_v0_64.csv,v0_64,csv_tiny_mismatch
csv_tiny_mismatch_v0_65,rw_csv_tiny_mismatch_v0_65.csv,v0_65,csv_tiny_mismatch
csv_tiny_mismatch_v0_66,rw_csv_tiny_mismatch_v0_66.csv,v0_66,csv_tiny_mismatch
csv_tiny_mismatch_v0_67,rw_csv_tiny_mismatch_v0_67.csv,v0_67,csv_tiny_mismatch
current_action_display_group_residue_v0_63_1,rw_current_action_display_group_residue_v0_63_1.csv,v0_63,current_action_display_group_residue_v0_63_1
current_action_display_group_residue_v0_64,rw_current_action_display_group_residue_v0_64.csv,v0_64,current_action_display_group_residue
current_action_display_group_residue_v0_65,rw_current_action_display_group_residue_v0_65.csv,v0_65,current_action_display_group_residue
current_action_display_group_residue_v0_66,rw_current_action_display_group_residue_v0_66.csv,v0_66,current_action_display_group_residue
current_action_display_group_residue_v0_67,rw_current_action_display_group_residue_v0_67.csv,v0_67,current_action_display_group_residue
custom_logic_geometry_rows_v0_52,rw_custom_logic_geometry_rows_v0_52.csv,v0_52,custom_logic_geometry_rows
custom_logic_stat_behavior_added_rows_v0_52,rw_custom_logic_stat_behavior_added_rows_v0_52.csv,v0_52,custom_logic_stat_behavior_added_rows
custom_logic_stat_behavior_coverage_v0_52,rw_custom_logic_stat_behavior_coverage_v0_52.csv,v0_52,custom_logic_stat_behavior_coverage
custom_logic_stat_behavior_flow_map_v0_52,rw_custom_logic_stat_behavior_flow_map_v0_52.csv,v0_52,custom_logic_stat_behavior_flow_map
custom_movement_micro_behavior_rows_v0_52,rw_custom_movement_micro_behavior_rows_v0_52.csv,v0_52,custom_movement_micro_behavior_rows
custom_mutable_stat_writer_rows_v0_52,rw_custom_mutable_stat_writer_rows_v0_52.csv,v0_52,custom_mutable_stat_writer_rows
deferred_ambiguous_turret_fields_v0_30,rw_deferred_ambiguous_turret_fields_v0_30.csv,v0_30,deferred_ambiguous_turret_fields
deferred_runtime_order_combat_items_v0_34,rw_deferred_runtime_order_combat_items_v0_34.csv,v0_34,deferred_runtime_order_combat_items
duplicate_mapping_keys_v0_61,rw_duplicate_mapping_keys_v0_61.csv,v0_61,duplicate_mapping_keys
duplicate_mapping_keys_v0_62,rw_duplicate_mapping_keys_v0_62.csv,v0_62,duplicate_mapping_keys
duplicate_mapping_keys_v0_63_1,rw_duplicate_mapping_keys_v0_63_1.csv,v0_63,duplicate_mapping_keys_v0_63_1
duplicate_mapping_keys_v0_64,rw_duplicate_mapping_keys_v0_64.csv,v0_64,duplicate_mapping_keys
duplicate_mapping_keys_v0_65,rw_duplicate_mapping_keys_v0_65.csv,v0_65,duplicate_mapping_keys
duplicate_mapping_keys_v0_66,rw_duplicate_mapping_keys_v0_66.csv,v0_66,duplicate_mapping_keys
duplicate_mapping_keys_v0_67,rw_duplicate_mapping_keys_v0_67.csv,v0_67,duplicate_mapping_keys
effect_engine_rows_v0_54,rw_effect_engine_rows_v0_54.csv,v0_54,effect_engine_rows
effect_enum_rows_v0_54,rw_effect_enum_rows_v0_54.csv,v0_54,effect_enum_rows
effect_instance_rows_v0_54,rw_effect_instance_rows_v0_54.csv,v0_54,effect_instance_rows
effect_runtime_added_updated_rows_v0_54,rw_effect_runtime_added_updated_rows_v0_54.csv,v0_54,effect_runtime_added_updated_rows
effect_runtime_flow_map_v0_54,rw_effect_runtime_flow_map_v0_54.csv,v0_54,effect_runtime_flow_map
filesystem_backend_added_rows_v0_59,rw_filesystem_backend_added_rows_v0_59.csv,v0_59,filesystem_backend_added_rows
filesystem_backend_coverage_v0_59,rw_filesystem_backend_coverage_v0_59.csv,v0_59,filesystem_backend_coverage
filesystem_backend_flow_map_v0_59,rw_filesystem_backend_flow_map_v0_59.csv,v0_59,filesystem_backend_flow_map
filesystem_backend_skipped_rows_v0_59,rw_filesystem_backend_skipped_rows_v0_59.csv,v0_59,filesystem_backend_skipped_rows
filesystem_backend_updated_rows_v0_59,rw_filesystem_backend_updated_rows_v0_59.csv,v0_59,filesystem_backend_updated_rows
inherited_missing_warnings_after_v0_63_1,rw_inherited_missing_warnings_after_v0_63_1.csv,v0_63,inherited_missing_warnings_after_v0_63_1
inherited_missing_warnings_after_v0_64,rw_inherited_missing_warnings_after_v0_64.csv,v0_64,inherited_missing_warnings_after
inherited_missing_warnings_after_v0_65,rw_inherited_missing_warnings_after_v0_65.csv,v0_65,inherited_missing_warnings_after
inherited_missing_warnings_after_v0_66,rw_inherited_missing_warnings_after_v0_66.csv,v0_66,inherited_missing_warnings_after
inherited_missing_warnings_after_v0_67,rw_inherited_missing_warnings_after_v0_67.csv,v0_67,inherited_missing_warnings_after
input_action_naming_hotfix_added_rows_v0_63_1,rw_input_action_naming_hotfix_added_rows_v0_63_1.csv,v0_63,input_action_naming_hotfix_added_rows_v0_63_1
input_action_naming_hotfix_updated_rows_v0_63_1,rw_input_action_naming_hotfix_updated_rows_v0_63_1.csv,v0_63,input_action_naming_hotfix_updated_rows_v0_63_1
input_keybinding_added_rows_v0_62,rw_input_keybinding_added_rows_v0_62.csv,v0_62,input_keybinding_added_rows
input_keybinding_core_coverage_after_v0_62,rw_input_keybinding_core_coverage_after_v0_62.csv,v0_62,input_keybinding_core_coverage_after
input_keybinding_flow_map_v0_62,rw_input_keybinding_flow_map_v0_62.csv,v0_62,input_keybinding_flow_map
input_keybinding_updated_rows_v0_62,rw_input_keybinding_updated_rows_v0_62.csv,v0_62,input_keybinding_updated_rows
librocket_ui_script_surface_added_rows_v0_64,rw_librocket_ui_script_surface_added_rows_v0_64.csv,v0_64,librocket_ui_script_surface_added_rows
librocket_ui_script_surface_flow_map_v0_64,rw_librocket_ui_script_surface_flow_map_v0_64.csv,v0_64,librocket_ui_script_surface_flow_map
librocket_ui_script_surface_partial_coverage_after_v0_64,rw_librocket_ui_script_surface_partial_coverage_after_v0_64.csv,v0_64,librocket_ui_script_surface_partial_coverage_after
librocket_ui_script_surface_skipped_rows_v0_64,rw_librocket_ui_script_surface_skipped_rows_v0_64.csv,v0_64,librocket_ui_script_surface_skipped_rows
librocket_ui_script_surface_updated_rows_v0_64,rw_librocket_ui_script_surface_updated_rows_v0_64.csv,v0_64,librocket_ui_script_surface_updated_rows
logicboolean_member_expansion_v0_27,rw_logicboolean_member_expansion_v0_27.csv,v0_27,logicboolean_member_expansion
map_terrain_tileset_branch_skipped_rows_v0_53,rw_map_terrain_tileset_branch_skipped_rows_v0_53.csv,v0_53,map_terrain_tileset_branch_skipped_rows
map_terrain_tileset_flow_map_v0_53,rw_map_terrain_tileset_flow_map_v0_53.csv,v0_53,map_terrain_tileset_flow_map
map_terrain_tileset_merge_added_rows_v0_53,rw_map_terrain_tileset_merge_added_rows_v0_53.csv,v0_53,map_terrain_tileset_merge_added_rows
map_terrain_tileset_merge_updated_rows_v0_53,rw_map_terrain_tileset_merge_updated_rows_v0_53.csv,v0_53,map_terrain_tileset_merge_updated_rows
missing_v0_61_new_rows,rw_missing_v0_61_new_rows.csv,v0_61,missing_v0_61_new_rows
missing_v0_62_new_rows,rw_missing_v0_62_new_rows.csv,v0_62,missing_v0_62_new_rows
missing_v0_63_1_hotfix_rows,rw_missing_v0_63_1_hotfix_rows.csv,v0_63,missing_v0_63_1_hotfix_rows
missing_v0_64_librocket_rows,rw_missing_v0_64_librocket_rows.csv,v0_64,missing_v0_64_librocket_rows
missing_v0_65_network_rows,rw_missing_v0_65_network_rows.csv,v0_65,missing_v0_65_network_rows
missing_v0_66_network_sync_rows,rw_missing_v0_66_network_sync_rows.csv,v0_66,missing_v0_66_network_sync_rows
missing_v0_67_network_lobby_chat_command_rows,rw_missing_v0_67_network_lobby_chat_command_rows.csv,v0_67,missing_v0_67_network_lobby_chat_command_rows
mission_trigger_map_script_added_rows_v0_55,rw_mission_trigger_map_script_added_rows_v0_55.csv,v0_55,mission_trigger_map_script_added_rows
mission_trigger_map_script_flow_map_v0_55,rw_mission_trigger_map_script_flow_map_v0_55.csv,v0_55,mission_trigger_map_script_flow_map
mission_trigger_map_script_updated_rows_v0_55,rw_mission_trigger_map_script_updated_rows_v0_55.csv,v0_55,mission_trigger_map_script_updated_rows
mission_trigger_semantic_hotfix_rows_v0_55,rw_mission_trigger_semantic_hotfix_rows_v0_55.csv,v0_55,mission_trigger_semantic_hotfix_rows
mission_trigger_type_anonymous_rows_v0_55,rw_mission_trigger_type_anonymous_rows_v0_55.csv,v0_55,mission_trigger_type_anonymous_rows
named_inherited_collision_after_v0_61,rw_named_inherited_collision_after_v0_61.csv,v0_61,named_inherited_collision_after
named_inherited_collision_after_v0_62,rw_named_inherited_collision_after_v0_62.csv,v0_62,named_inherited_collision_after
named_inherited_collisions_after_v0_63_1,rw_named_inherited_collisions_after_v0_63_1.csv,v0_63,named_inherited_collisions_after_v0_63_1
named_inherited_collisions_after_v0_64,rw_named_inherited_collisions_after_v0_64.csv,v0_64,named_inherited_collisions_after
named_inherited_collisions_after_v0_65,rw_named_inherited_collisions_after_v0_65.csv,v0_65,named_inherited_collisions_after
named_inherited_collisions_after_v0_66,rw_named_inherited_collisions_after_v0_66.csv,v0_66,named_inherited_collisions_after
named_inherited_collisions_after_v0_67,rw_named_inherited_collisions_after_v0_67.csv,v0_67,named_inherited_collisions_after
network_checksum_bucket_evidence_v0_47,rw_network_checksum_bucket_evidence_v0_47.csv,v0_47,network_checksum_bucket_evidence
network_handshake_sync_added_rows_v0_65,rw_network_handshake_sync_added_rows_v0_65.csv,v0_65,network_handshake_sync_added_rows
network_handshake_sync_core_coverage_after_v0_65,rw_network_handshake_sync_core_coverage_after_v0_65.csv,v0_65,network_handshake_sync_core_coverage_after
network_handshake_sync_flow_map_v0_65,rw_network_handshake_sync_flow_map_v0_65.csv,v0_65,network_handshake_sync_flow_map
network_handshake_sync_skipped_rows_v0_65,rw_network_handshake_sync_skipped_rows_v0_65.csv,v0_65,network_handshake_sync_skipped_rows
network_handshake_sync_updated_rows_v0_65,rw_network_handshake_sync_updated_rows_v0_65.csv,v0_65,network_handshake_sync_updated_rows
network_lobby_chat_command_added_rows_v0_67,rw_network_lobby_chat_command_added_rows_v0_67.csv,v0_67,network_lobby_chat_command_added_rows
network_lobby_chat_command_core_coverage_after_v0_67,rw_network_lobby_chat_command_core_coverage_after_v0_67.csv,v0_67,network_lobby_chat_command_core_coverage_after
network_lobby_chat_command_flow_map_v0_67,rw_network_lobby_chat_command_flow_map_v0_67.csv,v0_67,network_lobby_chat_command_flow_map
network_sync_desync_added_rows_v0_66,rw_network_sync_desync_added_rows_v0_66.csv,v0_66,network_sync_desync_added_rows
network_sync_desync_core_coverage_after_v0_66,rw_network_sync_desync_core_coverage_after_v0_66.csv,v0_66,network_sync_desync_core_coverage_after
network_sync_desync_flow_map_v0_66,rw_network_sync_desync_flow_map_v0_66.csv,v0_66,network_sync_desync_flow_map
network_sync_desync_skipped_rows_v0_66,rw_network_sync_desync_skipped_rows_v0_66.csv,v0_66,network_sync_desync_skipped_rows
network_sync_desync_updated_rows_v0_66,rw_network_sync_desync_updated_rows_v0_66.csv,v0_66,network_sync_desync_updated_rows
orphan_member_rows_v0_61,rw_orphan_member_rows_v0_61.csv,v0_61,orphan_member_rows
orphan_member_rows_v0_62,rw_orphan_member_rows_v0_62.csv,v0_62,orphan_member_rows
orphan_member_rows_v0_63_1,rw_orphan_member_rows_v0_63_1.csv,v0_63,orphan_member_rows_v0_63_1
orphan_member_rows_v0_64,rw_orphan_member_rows_v0_64.csv,v0_64,orphan_member_rows
orphan_member_rows_v0_65,rw_orphan_member_rows_v0_65.csv,v0_65,orphan_member_rows
orphan_member_rows_v0_66,rw_orphan_member_rows_v0_66.csv,v0_66,orphan_member_rows
orphan_member_rows_v0_67,rw_orphan_member_rows_v0_67.csv,v0_67,orphan_member_rows
override_family_named_conflicts_after_v0_61,rw_override_family_named_conflicts_after_v0_61.csv,v0_61,override_family_named_conflicts_after
override_family_named_conflicts_after_v0_62,rw_override_family_named_conflicts_after_v0_62.csv,v0_62,override_family_named_conflicts_after
override_family_named_conflicts_after_v0_63_1,rw_override_family_named_conflicts_after_v0_63_1.csv,v0_63,override_family_named_conflicts_after_v0_63_1
override_family_named_conflicts_after_v0_64,rw_override_family_named_conflicts_after_v0_64.csv,v0_64,override_family_named_conflicts_after
override_family_named_conflicts_after_v0_65,rw_override_family_named_conflicts_after_v0_65.csv,v0_65,override_family_named_conflicts_after
override_family_named_conflicts_v0_66,rw_override_family_named_conflicts_v0_66.csv,v0_66,override_family_named_conflicts
override_family_named_conflicts_v0_67,rw_override_family_named_conflicts_v0_67.csv,v0_67,override_family_named_conflicts
parser_helper_mapping_delta_v0_27,rw_parser_helper_mapping_delta_v0_27.csv,v0_27,parser_helper_mapping_delta
prior_work_runtime_family_fixes_v0_36,rw_prior_work_runtime_family_fixes_v0_36.csv,v0_36,prior_work_runtime_family_fixes
prior_work_semantic_fixes_v0_34,rw_prior_work_semantic_fixes_v0_34.csv,v0_34,prior_work_semantic_fixes
render_canvas_command_added_rows_v0_56,rw_render_canvas_command_added_rows_v0_56.csv,v0_56,render_canvas_command_added_rows
render_canvas_command_family_coverage_v0_56,rw_render_canvas_command_family_coverage_v0_56.csv,v0_56,render_canvas_command_family_coverage
render_canvas_command_flow_map_v0_56,rw_render_canvas_command_flow_map_v0_56.csv,v0_56,render_canvas_command_flow_map
render_canvas_command_skipped_rows_v0_56,rw_render_canvas_command_skipped_rows_v0_56.csv,v0_56,render_canvas_command_skipped_rows
render_canvas_command_updated_rows_v0_56,rw_render_canvas_command_updated_rows_v0_56.csv,v0_56,render_canvas_command_updated_rows
render_gl_backend_added_rows_v0_58,rw_render_gl_backend_added_rows_v0_58.csv,v0_58,render_gl_backend_added_rows
render_gl_backend_canvas_shader_rows_v0_58,rw_render_gl_backend_canvas_shader_rows_v0_58.csv,v0_58,render_gl_backend_canvas_shader_rows
render_gl_backend_flow_map_v0_58,rw_render_gl_backend_flow_map_v0_58.csv,v0_58,render_gl_backend_flow_map
render_gl_backend_skipped_rows_v0_58,rw_render_gl_backend_skipped_rows_v0_58.csv,v0_58,render_gl_backend_skipped_rows
render_gl_backend_texture_rows_v0_58,rw_render_gl_backend_texture_rows_v0_58.csv,v0_58,render_gl_backend_texture_rows
render_gl_text_rows_v0_58,rw_render_gl_text_rows_v0_58.csv,v0_58,render_gl_text_rows
runtime_action_command_added_rows_v0_42,rw_runtime_action_command_added_rows_v0_42.csv,v0_42,runtime_action_command_added_rows
runtime_action_command_family_coverage_v0_42,rw_runtime_action_command_family_coverage_v0_42.csv,v0_42,runtime_action_command_family_coverage
runtime_action_command_flow_map_v0_42,rw_runtime_action_command_flow_map_v0_42.csv,v0_42,runtime_action_command_flow_map
runtime_build_queue_added_updated_rows_v0_39,rw_runtime_build_queue_added_updated_rows_v0_39.csv,v0_39,runtime_build_queue_added_updated_rows
runtime_build_queue_family_coverage_v0_39,rw_runtime_build_queue_family_coverage_v0_39.csv,v0_39,runtime_build_queue_family_coverage
runtime_build_queue_flow_map_v0_39,rw_runtime_build_queue_flow_map_v0_39.csv,v0_39,runtime_build_queue_flow_map
runtime_command_issue_evidence_rows_v0_44,rw_runtime_command_issue_evidence_rows_v0_44.csv,v0_44,runtime_command_issue_evidence_rows
runtime_command_issue_flow_map_v0_44,rw_runtime_command_issue_flow_map_v0_44.csv,v0_44,runtime_command_issue_flow_map
runtime_command_issue_merged_added_rows_v0_44,rw_runtime_command_issue_merged_added_rows_v0_44.csv,v0_44,runtime_command_issue_merged_added_rows
runtime_command_issue_merged_updated_rows_v0_44,rw_runtime_command_issue_merged_updated_rows_v0_44.csv,v0_44,runtime_command_issue_merged_updated_rows
runtime_command_issue_skipped_branch_rollbacks_v0_44,rw_runtime_command_issue_skipped_branch_rollbacks_v0_44.csv,v0_44,runtime_command_issue_skipped_branch_rollbacks
runtime_damage_death_family_added_updated_rows_v0_37,rw_runtime_damage_death_family_added_updated_rows_v0_37.csv,v0_37,runtime_damage_death_family_added_updated_rows
runtime_damage_death_family_coverage_v0_37,rw_runtime_damage_death_family_coverage_v0_37.csv,v0_37,runtime_damage_death_family_coverage
runtime_damage_death_flow_map_v0_37,rw_runtime_damage_death_flow_map_v0_37.csv,v0_37,runtime_damage_death_flow_map
runtime_fire_family_added_updated_rows_v0_35,rw_runtime_fire_family_added_updated_rows_v0_35.csv,v0_35,runtime_fire_family_added_updated_rows
runtime_fire_family_override_rows_v0_35,rw_runtime_fire_family_override_rows_v0_35.csv,v0_35,runtime_fire_family_override_rows
runtime_formation_target_added_rows_v0_33,rw_runtime_formation_target_added_rows_v0_33.csv,v0_33,runtime_formation_target_added_rows
runtime_lifecycle_draw_added_updated_rows_v0_38,rw_runtime_lifecycle_draw_added_updated_rows_v0_38.csv,v0_38,runtime_lifecycle_draw_added_updated_rows
runtime_lifecycle_draw_family_coverage_v0_38,rw_runtime_lifecycle_draw_family_coverage_v0_38.csv,v0_38,runtime_lifecycle_draw_family_coverage
runtime_lifecycle_draw_flow_map_v0_38,rw_runtime_lifecycle_draw_flow_map_v0_38.csv,v0_38,runtime_lifecycle_draw_flow_map
runtime_order_update_added_rows_v0_34,rw_runtime_order_update_added_rows_v0_34.csv,v0_34,runtime_order_update_added_rows
runtime_order_update_flow_map_v0_34,rw_runtime_order_update_flow_map_v0_34.csv,v0_34,runtime_order_update_flow_map
runtime_pathing_added_rows_v0_31,rw_runtime_pathing_added_rows_v0_31.csv,v0_31,runtime_pathing_added_rows
runtime_projectile_damage_added_updated_rows_v0_36,rw_runtime_projectile_damage_added_updated_rows_v0_36.csv,v0_36,runtime_projectile_damage_added_updated_rows
runtime_projectile_lifecycle_flow_map_v0_36,rw_runtime_projectile_lifecycle_flow_map_v0_36.csv,v0_36,runtime_projectile_lifecycle_flow_map
runtime_repair_reclaim_added_updated_rows_v0_40,rw_runtime_repair_reclaim_added_updated_rows_v0_40.csv,v0_40,runtime_repair_reclaim_added_updated_rows
runtime_repair_reclaim_family_coverage_v0_40,rw_runtime_repair_reclaim_family_coverage_v0_40.csv,v0_40,runtime_repair_reclaim_family_coverage
runtime_repair_reclaim_flow_map_v0_40,rw_runtime_repair_reclaim_flow_map_v0_40.csv,v0_40,runtime_repair_reclaim_flow_map
runtime_replay_checksum_added_rows_v0_47,rw_runtime_replay_checksum_added_rows_v0_47.csv,v0_47,runtime_replay_checksum_added_rows
runtime_replay_checksum_flow_map_v0_47,rw_runtime_replay_checksum_flow_map_v0_47.csv,v0_47,runtime_replay_checksum_flow_map
runtime_replay_checksum_updated_rows_v0_47,rw_runtime_replay_checksum_updated_rows_v0_47.csv,v0_47,runtime_replay_checksum_updated_rows
runtime_resource_economy_added_rows_v0_43,rw_runtime_resource_economy_added_rows_v0_43.csv,v0_43,runtime_resource_economy_added_rows
runtime_resource_economy_family_coverage_v0_43,rw_runtime_resource_economy_family_coverage_v0_43.csv,v0_43,runtime_resource_economy_family_coverage
runtime_resource_economy_flow_map_v0_43,rw_runtime_resource_economy_flow_map_v0_43.csv,v0_43,runtime_resource_economy_flow_map
runtime_resource_economy_updated_rows_v0_43,rw_runtime_resource_economy_updated_rows_v0_43.csv,v0_43,runtime_resource_economy_updated_rows
runtime_team_stats_added_updated_rows_v0_43,rw_runtime_team_stats_added_updated_rows_v0_43.csv,v0_43,runtime_team_stats_added_updated_rows
runtime_team_stats_flow_map_v0_43,rw_runtime_team_stats_flow_map_v0_43.csv,v0_43,runtime_team_stats_flow_map
runtime_team_stats_hotfix_rows_v0_43,rw_runtime_team_stats_hotfix_rows_v0_43.csv,v0_43,runtime_team_stats_hotfix_rows
runtime_transport_attachment_added_updated_rows_v0_41,rw_runtime_transport_attachment_added_updated_rows_v0_41.csv,v0_41,runtime_transport_attachment_added_updated_rows
runtime_transport_attachment_family_coverage_v0_41,rw_runtime_transport_attachment_family_coverage_v0_41.csv,v0_41,runtime_transport_attachment_family_coverage
runtime_transport_attachment_flow_map_v0_41,rw_runtime_transport_attachment_flow_map_v0_41.csv,v0_41,runtime_transport_attachment_flow_map
runtime_visibility_spatial_branch_update_review_v0_46,rw_runtime_visibility_spatial_branch_update_review_v0_46.csv,v0_46,runtime_visibility_spatial_branch_update_review
runtime_visibility_spatial_flow_map_v0_46,rw_runtime_visibility_spatial_flow_map_v0_46.csv,v0_46,runtime_visibility_spatial_flow_map
runtime_visibility_spatial_merge_added_rows_v0_46,rw_runtime_visibility_spatial_merge_added_rows_v0_46.csv,v0_46,runtime_visibility_spatial_merge_added_rows
runtime_visibility_spatial_merge_updated_rows_v0_46,rw_runtime_visibility_spatial_merge_updated_rows_v0_46.csv,v0_46,runtime_visibility_spatial_merge_updated_rows
runtime_visibility_spatial_skipped_branch_rollbacks_v0_46,rw_runtime_visibility_spatial_skipped_branch_rollbacks_v0_46.csv,v0_46,runtime_visibility_spatial_skipped_branch_rollbacks
shader_program_rows_v0_56,rw_shader_program_rows_v0_56.csv,v0_56,shader_program_rows
tileatlas_render_cache_rows_v0_53,rw_tileatlas_render_cache_rows_v0_53.csv,v0_53,tileatlas_render_cache_rows
ui_minimap_command_branch_conflicts_v0_57,rw_ui_minimap_command_branch_conflicts_v0_57.csv,v0_57,ui_minimap_command_branch_conflicts
ui_minimap_command_family_coverage_v0_57,rw_ui_minimap_command_family_coverage_v0_57.csv,v0_57,ui_minimap_command_family_coverage
ui_minimap_command_flow_map_v0_57,rw_ui_minimap_command_flow_map_v0_57.csv,v0_57,ui_minimap_command_flow_map
ui_minimap_command_merge_added_rows_v0_57,rw_ui_minimap_command_merge_added_rows_v0_57.csv,v0_57,ui_minimap_command_merge_added_rows
