owner_official,official_name,descriptor,expected_named_name,provider_owner,mapped_after
com/corrodinggames/rts/game/units/a/d,b,(Lcom/corrodinggames/rts/game/units/am;Z)I,getDisplayQueueCount,com/corrodinggames/rts/game/units/a/s,True
com/corrodinggames/rts/game/units/a/d,c,()I,getCreditCost,com/corrodinggames/rts/game/units/a/s,True
com/corrodinggames/rts/game/units/a/d,e,()Lcom/corrodinggames/rts/game/units/a/u;,getActionCommandType,com/corrodinggames/rts/game/units/a/s,True
com/corrodinggames/rts/game/units/a/d,f,()Lcom/corrodinggames/rts/game/units/a/t;,getDisplayType,com/corrodinggames/rts/game/units/a/s,True
com/corrodinggames/rts/game/units/a/d,g,()Z,isBuildAction,com/corrodinggames/rts/game/units/a/s,True
com/corrodinggames/rts/game/units/a/d,a,()Ljava/lang/String;,getDescription,com/corrodinggames/rts/game/units/a/s,True
com/corrodinggames/rts/game/units/a/d,b,()Ljava/lang/String;,getText,com/corrodinggames/rts/game/units/a/s,True
com/corrodinggames/rts/game/units/a/d,h_,()Z,shouldShowText,com/corrodinggames/rts/game/units/a/s,True
com/corrodinggames/rts/game/units/a/d,b,(Lcom/corrodinggames/rts/game/units/am;)Z,isVisible,com/corrodinggames/rts/game/units/a/s,True
com/corrodinggames/rts/game/units/a/d,d,()Ljava/lang/String;,getDisplayTextWithCount,com/corrodinggames/rts/game/units/a/s,True
com/corrodinggames/rts/game/units/a/d,i,()Lcom/corrodinggames/rts/game/units/as;,getBuildUnitType,com/corrodinggames/rts/game/units/a/s,True
com/corrodinggames/rts/game/units/a/e,b,(Lcom/corrodinggames/rts/game/units/am;Z)I,getDisplayQueueCount,com/corrodinggames/rts/game/units/a/s,True
com/corrodinggames/rts/game/units/a/e,c,()I,getCreditCost,com/corrodinggames/rts/game/units/a/s,True
com/corrodinggames/rts/game/units/a/e,e,()Lcom/corrodinggames/rts/game/units/a/u;,getActionCommandType,com/corrodinggames/rts/game/units/a/s,True
com/corrodinggames/rts/game/units/a/e,f,()Lcom/corrodinggames/rts/game/units/a/t;,getDisplayType,com/corrodinggames/rts/game/units/a/s,True
com/corrodinggames/rts/game/units/a/e,g,()Z,isBuildAction,com/corrodinggames/rts/game/units/a/s,True
com/corrodinggames/rts/game/units/a/e,a,()Ljava/lang/String;,getDescription,com/corrodinggames/rts/game/units/a/s,True
com/corrodinggames/rts/game/units/a/e,b,()Ljava/lang/String;,getText,com/corrodinggames/rts/game/units/a/s,True
com/corrodinggames/rts/game/units/a/e,h_,()Z,shouldShowText,com/corrodinggames/rts/game/units/a/s,True
com/corrodinggames/rts/game/units/a/e,i,()Lcom/corrodinggames/rts/game/units/as;,getBuildUnitType,com/corrodinggames/rts/game/units/a/s,True
com/corrodinggames/rts/game/units/a/f,b,(Lcom/corrodinggames/rts/game/units/am;Z)I,getDisplayQueueCount,com/corrodinggames/rts/game/units/a/s,True
com/corrodinggames/rts/game/units/a/f,c,()I,getCreditCost,com/corrodinggames/rts/game/units/a/s,True
com/corrodinggames/rts/game/units/a/f,e,()Lcom/corrodinggames/rts/game/units/a/u;,getActionCommandType,com/corrodinggames/rts/game/units/a/s,True
com/corrodinggames/rts/game/units/a/f,f,()Lcom/corrodinggames/rts/game/units/a/t;,getDisplayType,com/corrodinggames/rts/game/units/a/s,True
com/corrodinggames/rts/game/units/a/f,g,()Z,isBuildAction,com/corrodinggames/rts/game/units/a/s,True
com/corrodinggames/rts/game/units/a/f,a,()Ljava/lang/String;,getDescription,com/corrodinggames/rts/game/units/a/s,True
com/corrodinggames/rts/game/units/a/f,b,()Ljava/lang/String;,getText,com/corrodinggames/rts/game/units/a/s,True
com/corrodinggames/rts/game/units/a/f,i,()Lcom/corrodinggames/rts/game/units/as;,getBuildUnitType,com/corrodinggames/rts/game/units/a/s,True
com/corrodinggames/rts/game/units/a/g,m_,()F,getSortOrder,com/corrodinggames/rts/game/units/a/s,True
com/corrodinggames/rts/game/units/a/g,a,(Lcom/corrodinggames/rts/game/units/a/s;)I,compareToAction,com/corrodinggames/rts/game/units/a/s,True
com/corrodinggames/rts/game/units/a/g,b,()Ljava/lang/String;,getText,com/corrodinggames/rts/game/units/a/s,True
com/corrodinggames/rts/game/units/a/g,d,(Lcom/corrodinggames/rts/game/units/am;)Ljava/lang/String;,getTextForUnit,com/corrodinggames/rts/game/units/a/s,True
com/corrodinggames/rts/game/units/a/g,a,()Ljava/lang/String;,getDescription,com/corrodinggames/rts/game/units/a/s,True
com/corrodinggames/rts/game/units/a/g,e,(Lcom/corrodinggames/rts/game/units/am;)Ljava/lang/String;,getDescriptionForUnit,com/corrodinggames/rts/game/units/a/s,True
com/corrodinggames/rts/game/units/a/g,c,()I,getCreditCost,com/corrodinggames/rts/game/units/a/s,True
com/corrodinggames/rts/game/units/a/g,b,(Lcom/corrodinggames/rts/game/units/am;Z)I,getDisplayQueueCount,com/corrodinggames/rts/game/units/a/s,True
com/corrodinggames/rts/game/units/a/g,a,(Lcom/corrodinggames/rts/game/units/am;Z)Z,isActiveAndQueueAllowed,com/corrodinggames/rts/game/units/a/s,True
com/corrodinggames/rts/game/units/a/g,g,(Lcom/corrodinggames/rts/game/units/am;)Z,isLocked,com/corrodinggames/rts/game/units/a/s,True
com/corrodinggames/rts/game/units/a/g,u,()Z,isQueuedAction,com/corrodinggames/rts/game/units/a/s,True
com/corrodinggames/rts/game/units/a/g,i,()Lcom/corrodinggames/rts/game/units/as;,getBuildUnitType,com/corrodinggames/rts/game/units/a/s,True
com/corrodinggames/rts/game/units/a/g,g,()Z,isBuildAction,com/corrodinggames/rts/game/units/a/s,True
com/corrodinggames/rts/game/units/a/g,e,()Lcom/corrodinggames/rts/game/units/a/u;,getActionCommandType,com/corrodinggames/rts/game/units/a/s,True
com/corrodinggames/rts/game/units/a/g,f,()Lcom/corrodinggames/rts/game/units/a/t;,getDisplayType,com/corrodinggames/rts/game/units/a/s,True
com/corrodinggames/rts/game/units/a/g,d,()Ljava/lang/String;,getDisplayTextWithCount,com/corrodinggames/rts/game/units/a/s,True
com/corrodinggames/rts/game/units/a/g,h_,()Z,shouldShowText,com/corrodinggames/rts/game/units/a/s,True
com/corrodinggames/rts/game/units/a/g,a,(Lcom/corrodinggames/rts/game/units/am;Lcom/corrodinggames/rts/gameFramework/f/ae;Landroid/graphics/Paint;Landroid/graphics/Paint;)V,appendPriceAndTextToTooltip,com/corrodinggames/rts/game/units/a/s,True
com/corrodinggames/rts/game/units/a/g,a,(Lcom/corrodinggames/rts/game/units/am;Lcom/corrodinggames/rts/gameFramework/f/ae;)V,appendDescriptionToTooltip,com/corrodinggames/rts/game/units/a/s,True
com/corrodinggames/rts/game/units/a/g,j,()Lcom/corrodinggames/rts/gameFramework/m/e;,getIconImage,com/corrodinggames/rts/game/units/a/s,True
com/corrodinggames/rts/game/units/a/g,h,(Lcom/corrodinggames/rts/game/units/am;)Lcom/corrodinggames/rts/gameFramework/m/e;,getIconExtraImage,com/corrodinggames/rts/game/units/a/s,True
com/corrodinggames/rts/game/units/a/g,v,()Landroid/graphics/Rect;,getIconImageSrcRect,com/corrodinggames/rts/game/units/a/s,True
com/corrodinggames/rts/game/units/a/g,i,(Lcom/corrodinggames/rts/game/units/am;)Lcom/corrodinggames/rts/game/units/am;,getUnitShownInUI,com/corrodinggames/rts/game/units/a/s,True
com/corrodinggames/rts/game/units/a/g,y,()Lcom/corrodinggames/rts/game/units/as;,getGuiBuildUnitType,com/corrodinggames/rts/game/units/a/s,True
com/corrodinggames/rts/game/units/a/g,z,()Lcom/corrodinggames/rts/game/units/a/c;,getActionIdForSerialization,com/corrodinggames/rts/game/units/a/s,True
com/corrodinggames/rts/game/units/a/g,a,(Lcom/corrodinggames/rts/game/units/am;Lcom/corrodinggames/rts/game/n;)Z,isAlsoViewableByTeam,com/corrodinggames/rts/game/units/a/s,True
com/corrodinggames/rts/game/units/a/g,a,(Lcom/corrodinggames/rts/game/units/am;)Z,isGuiBlinking,com/corrodinggames/rts/game/units/a/s,True
com/corrodinggames/rts/game/units/a/g,B,()Lcom/corrodinggames/rts/game/units/custom/d/b;,getPrice,com/corrodinggames/rts/game/units/a/s,True
com/corrodinggames/rts/game/units/a/g,j,(Lcom/corrodinggames/rts/game/units/am;)Ljava/lang/String;,getLockMessage,com/corrodinggames/rts/game/units/a/s,True
com/corrodinggames/rts/game/units/a/g,d,(Lcom/corrodinggames/rts/game/units/am;Z)Z,canPlayerCancel,com/corrodinggames/rts/game/units/a/s,True
com/corrodinggames/rts/game/units/a/g,k,(Lcom/corrodinggames/rts/game/units/am;)Z,isAlwaysSinglePress,com/corrodinggames/rts/game/units/a/s,True
com/corrodinggames/rts/game/units/a/g,l,(Lcom/corrodinggames/rts/game/units/am;)Z,isSecondarySinglePress,com/corrodinggames/rts/game/units/a/s,True
com/corrodinggames/rts/game/units/a/g,E,()Lcom/corrodinggames/rts/game/units/as;,getAiConsiderSameAsBuildingUnitType,com/corrodinggames/rts/game/units/a/s,True
com/corrodinggames/rts/game/units/a/g,m,(Lcom/corrodinggames/rts/game/units/am;)Z,isAiDisabled,com/corrodinggames/rts/game/units/a/s,True
com/corrodinggames/rts/game/units/a/g,n,(Lcom/corrodinggames/rts/game/units/am;)Z,isAiHighPriority,com/corrodinggames/rts/game/units/a/s,True
com/corrodinggames/rts/game/units/a/g,H,()Z,isHighPriorityQueue,com/corrodinggames/rts/game/units/a/s,True
com/corrodinggames/rts/game/units/a/g,I,()Z,isOnlyOneUnitAtATime,com/corrodinggames/rts/game/units/a/s,True
com/corrodinggames/rts/game/units/a/g,p,(Lcom/corrodinggames/rts/game/units/am;)F,getProgress,com/corrodinggames/rts/game/units/a/s,True
com/corrodinggames/rts/game/units/a/g,r,(Lcom/corrodinggames/rts/game/units/am;)Z,isVisibleWithExtraCheck,com/corrodinggames/rts/game/units/a/s,True
com/corrodinggames/rts/game/units/a/g,b,(Lcom/corrodinggames/rts/game/units/am;)Z,isVisible,com/corrodinggames/rts/game/units/a/s,True
com/corrodinggames/rts/game/units/a/g,J,()I,getIconExtraColor,com/corrodinggames/rts/game/units/a/s,True
com/corrodinggames/rts/game/units/a/g,s,(Lcom/corrodinggames/rts/game/units/am;)Z,isUnitShownInUIWithHpBar,com/corrodinggames/rts/game/units/a/s,True
com/corrodinggames/rts/game/units/a/g,t,(Lcom/corrodinggames/rts/game/units/am;)Z,isUnitShownInUIWithProgressBar,com/corrodinggames/rts/game/units/a/s,True
com/corrodinggames/rts/game/units/a/h,m_,()F,getSortOrder,com/corrodinggames/rts/game/units/a/s,True
com/corrodinggames/rts/game/units/a/h,a,(Lcom/corrodinggames/rts/game/units/a/s;)I,compareToAction,com/corrodinggames/rts/game/units/a/s,True
com/corrodinggames/rts/game/units/a/h,b,()Ljava/lang/String;,getText,com/corrodinggames/rts/game/units/a/s,True
com/corrodinggames/rts/game/units/a/h,d,(Lcom/corrodinggames/rts/game/units/am;)Ljava/lang/String;,getTextForUnit,com/corrodinggames/rts/game/units/a/s,True
com/corrodinggames/rts/game/units/a/h,a,()Ljava/lang/String;,getDescription,com/corrodinggames/rts/game/units/a/s,True
com/corrodinggames/rts/game/units/a/h,e,(Lcom/corrodinggames/rts/game/units/am;)Ljava/lang/String;,getDescriptionForUnit,com/corrodinggames/rts/game/units/a/s,True
com/corrodinggames/rts/game/units/a/h,c,()I,getCreditCost,com/corrodinggames/rts/game/units/a/s,True
com/corrodinggames/rts/game/units/a/h,b,(Lcom/corrodinggames/rts/game/units/am;Z)I,getDisplayQueueCount,com/corrodinggames/rts/game/units/a/s,True
com/corrodinggames/rts/game/units/a/h,a,(Lcom/corrodinggames/rts/game/units/am;Z)Z,isActiveAndQueueAllowed,com/corrodinggames/rts/game/units/a/s,True
com/corrodinggames/rts/game/units/a/h,g,(Lcom/corrodinggames/rts/game/units/am;)Z,isLocked,com/corrodinggames/rts/game/units/a/s,True
com/corrodinggames/rts/game/units/a/h,b,(Lcom/corrodinggames/rts/game/units/am;)Z,isVisible,com/corrodinggames/rts/game/units/a/s,True
com/corrodinggames/rts/game/units/a/h,u,()Z,isQueuedAction,com/corrodinggames/rts/game/units/a/s,True
com/corrodinggames/rts/game/units/a/h,i,()Lcom/corrodinggames/rts/game/units/as;,getBuildUnitType,com/corrodinggames/rts/game/units/a/s,True
com/corrodinggames/rts/game/units/a/h,g,()Z,isBuildAction,com/corrodinggames/rts/game/units/a/s,True
com/corrodinggames/rts/game/units/a/h,e,()Lcom/corrodinggames/rts/game/units/a/u;,getActionCommandType,com/corrodinggames/rts/game/units/a/s,True
com/corrodinggames/rts/game/units/a/h,f,()Lcom/corrodinggames/rts/game/units/a/t;,getDisplayType,com/corrodinggames/rts/game/units/a/s,True
com/corrodinggames/rts/game/units/a/h,d,()Ljava/lang/String;,getDisplayTextWithCount,com/corrodinggames/rts/game/units/a/s,True
com/corrodinggames/rts/game/units/a/h,h_,()Z,shouldShowText,com/corrodinggames/rts/game/units/a/s,True
com/corrodinggames/rts/game/units/a/h,a,(Lcom/corrodinggames/rts/game/units/am;Lcom/corrodinggames/rts/gameFramework/f/ae;Landroid/graphics/Paint;Landroid/graphics/Paint;)V,appendPriceAndTextToTooltip,com/corrodinggames/rts/game/units/a/s,True
com/corrodinggames/rts/game/units/a/h,a,(Lcom/corrodinggames/rts/game/units/am;Lcom/corrodinggames/rts/gameFramework/f/ae;)V,appendDescriptionToTooltip,com/corrodinggames/rts/game/units/a/s,True
com/corrodinggames/rts/game/units/a/h,j,()Lcom/corrodinggames/rts/gameFramework/m/e;,getIconImage,com/corrodinggames/rts/game/units/a/s,True
com/corrodinggames/rts/game/units/a/h,h,(Lcom/corrodinggames/rts/game/units/am;)Lcom/corrodinggames/rts/gameFramework/m/e;,getIconExtraImage,com/corrodinggames/rts/game/units/a/s,True
com/corrodinggames/rts/game/units/a/h,v,()Landroid/graphics/Rect;,getIconImageSrcRect,com/corrodinggames/rts/game/units/a/s,True
com/corrodinggames/rts/game/units/a/h,i,(Lcom/corrodinggames/rts/game/units/am;)Lcom/corrodinggames/rts/game/units/am;,getUnitShownInUI,com/corrodinggames/rts/game/units/a/s,True
com/corrodinggames/rts/game/units/a/h,y,()Lcom/corrodinggames/rts/game/units/as;,getGuiBuildUnitType,com/corrodinggames/rts/game/units/a/s,True
com/corrodinggames/rts/game/units/a/h,a,(Lcom/corrodinggames/rts/game/units/am;)Z,isGuiBlinking,com/corrodinggames/rts/game/units/a/s,True
com/corrodinggames/rts/game/units/a/i,b,(Lcom/corrodinggames/rts/game/units/am;Z)I,getDisplayQueueCount,com/corrodinggames/rts/game/units/a/s,True
com/corrodinggames/rts/game/units/a/i,c,()I,getCreditCost,com/corrodinggames/rts/game/units/a/s,True
com/corrodinggames/rts/game/units/a/i,e,()Lcom/corrodinggames/rts/game/units/a/u;,getActionCommandType,com/corrodinggames/rts/game/units/a/s,True
com/corrodinggames/rts/game/units/a/i,f,()Lcom/corrodinggames/rts/game/units/a/t;,getDisplayType,com/corrodinggames/rts/game/units/a/s,True
com/corrodinggames/rts/game/units/a/i,g,()Z,isBuildAction,com/corrodinggames/rts/game/units/a/s,True
com/corrodinggames/rts/game/units/a/i,a,()Ljava/lang/String;,getDescription,com/corrodinggames/rts/game/units/a/s,True
com/corrodinggames/rts/game/units/a/i,b,()Ljava/lang/String;,getText,com/corrodinggames/rts/game/units/a/s,True
com/corrodinggames/rts/game/units/a/i,i,()Lcom/corrodinggames/rts/game/units/as;,getBuildUnitType,com/corrodinggames/rts/game/units/a/s,True
com/corrodinggames/rts/game/units/a/j,b,(Lcom/corrodinggames/rts/game/units/am;Z)I,getDisplayQueueCount,com/corrodinggames/rts/game/units/a/s,True
com/corrodinggames/rts/game/units/a/j,c,()I,getCreditCost,com/corrodinggames/rts/game/units/a/s,True
com/corrodinggames/rts/game/units/a/j,e,()Lcom/corrodinggames/rts/game/units/a/u;,getActionCommandType,com/corrodinggames/rts/game/units/a/s,True
com/corrodinggames/rts/game/units/a/j,f,()Lcom/corrodinggames/rts/game/units/a/t;,getDisplayType,com/corrodinggames/rts/game/units/a/s,True
com/corrodinggames/rts/game/units/a/j,g,()Z,isBuildAction,com/corrodinggames/rts/game/units/a/s,True
com/corrodinggames/rts/game/units/a/j,a,()Ljava/lang/String;,getDescription,com/corrodinggames/rts/game/units/a/s,True
com/corrodinggames/rts/game/units/a/j,b,()Ljava/lang/String;,getText,com/corrodinggames/rts/game/units/a/s,True
com/corrodinggames/rts/game/units/a/j,h_,()Z,shouldShowText,com/corrodinggames/rts/game/units/a/s,True
com/corrodinggames/rts/game/units/a/j,j,()Lcom/corrodinggames/rts/gameFramework/m/e;,getIconImage,com/corrodinggames/rts/game/units/a/s,True
com/corrodinggames/rts/game/units/a/j,v,()Landroid/graphics/Rect;,getIconImageSrcRect,com/corrodinggames/rts/game/units/a/s,True
com/corrodinggames/rts/game/units/a/j,i,()Lcom/corrodinggames/rts/game/units/as;,getBuildUnitType,com/corrodinggames/rts/game/units/a/s,True
com/corrodinggames/rts/game/units/a/l,a,()Ljava/lang/String;,getDescription,com/corrodinggames/rts/game/units/a/s,True
com/corrodinggames/rts/game/units/a/l,b,()Ljava/lang/String;,getText,com/corrodinggames/rts/game/units/a/s,True
com/corrodinggames/rts/game/units/a/l,c,()I,getCreditCost,com/corrodinggames/rts/game/units/a/s,True
com/corrodinggames/rts/game/units/a/l,B,()Lcom/corrodinggames/rts/game/units/custom/d/b;,getPrice,com/corrodinggames/rts/game/units/a/s,True
com/corrodinggames/rts/game/units/a/l,r_,()Lcom/corrodinggames/rts/game/units/custom/d/b;,getStreamingCost,com/corrodinggames/rts/game/units/a/s,True
com/corrodinggames/rts/game/units/a/l,i,()Lcom/corrodinggames/rts/game/units/as;,getBuildUnitType,com/corrodinggames/rts/game/units/a/s,True
com/corrodinggames/rts/game/units/a/l,K,()F,getBuildSpeed,com/corrodinggames/rts/game/units/a/w,True
com/corrodinggames/rts/game/units/a/l,f,()Lcom/corrodinggames/rts/game/units/a/t;,getDisplayType,com/corrodinggames/rts/game/units/a/s,True
com/corrodinggames/rts/game/units/a/l,g,(Lcom/corrodinggames/rts/game/units/am;)Z,isLocked,com/corrodinggames/rts/game/units/a/s,True
com/corrodinggames/rts/game/units/a/l,g,()Z,isBuildAction,com/corrodinggames/rts/game/units/a/s,True
com/corrodinggames/rts/game/units/a/m,a,()Ljava/lang/String;,getDescription,com/corrodinggames/rts/game/units/a/s,True
com/corrodinggames/rts/game/units/a/m,b,()Ljava/lang/String;,getText,com/corrodinggames/rts/game/units/a/s,True
com/corrodinggames/rts/game/units/a/m,c,()I,getCreditCost,com/corrodinggames/rts/game/units/a/s,True
com/corrodinggames/rts/game/units/a/m,b,(Lcom/corrodinggames/rts/game/units/am;Z)I,getDisplayQueueCount,com/corrodinggames/rts/game/units/a/s,True
com/corrodinggames/rts/game/units/a/m,e,()Lcom/corrodinggames/rts/game/units/a/u;,getActionCommandType,com/corrodinggames/rts/game/units/a/s,True
com/corrodinggames/rts/game/units/a/m,f,()Lcom/corrodinggames/rts/game/units/a/t;,getDisplayType,com/corrodinggames/rts/game/units/a/s,True
com/corrodinggames/rts/game/units/a/m,g,()Z,isBuildAction,com/corrodinggames/rts/game/units/a/s,True
com/corrodinggames/rts/game/units/a/m,i,()Lcom/corrodinggames/rts/game/units/as;,getBuildUnitType,com/corrodinggames/rts/game/units/a/s,True
com/corrodinggames/rts/game/units/a/n,a,()Ljava/lang/String;,getDescription,com/corrodinggames/rts/game/units/a/s,True
com/corrodinggames/rts/game/units/a/n,b,()Ljava/lang/String;,getText,com/corrodinggames/rts/game/units/a/s,True
com/corrodinggames/rts/game/units/a/n,c,()I,getCreditCost,com/corrodinggames/rts/game/units/a/s,True
com/corrodinggames/rts/game/units/a/n,b,(Lcom/corrodinggames/rts/game/units/am;Z)I,getDisplayQueueCount,com/corrodinggames/rts/game/units/a/s,True
com/corrodinggames/rts/game/units/a/n,e,()Lcom/corrodinggames/rts/game/units/a/u;,getActionCommandType,com/corrodinggames/rts/game/units/a/s,True
com/corrodinggames/rts/game/units/a/n,h_,()Z,shouldShowText,com/corrodinggames/rts/game/units/a/s,True
com/corrodinggames/rts/game/units/a/n,f,()Lcom/corrodinggames/rts/game/units/a/t;,getDisplayType,com/corrodinggames/rts/game/units/a/s,True
com/corrodinggames/rts/game/units/a/n,g,()Z,isBuildAction,com/corrodinggames/rts/game/units/a/s,True
com/corrodinggames/rts/game/units/a/n,i,()Lcom/corrodinggames/rts/game/units/as;,getBuildUnitType,com/corrodinggames/rts/game/units/a/s,True
com/corrodinggames/rts/game/units/a/o,a,()Ljava/lang/String;,getDescription,com/corrodinggames/rts/game/units/a/s,True
com/corrodinggames/rts/game/units/a/o,b,()Ljava/lang/String;,getText,com/corrodinggames/rts/game/units/a/s,True
com/corrodinggames/rts/game/units/a/o,c,()I,getCreditCost,com/corrodinggames/rts/game/units/a/s,True
com/corrodinggames/rts/game/units/a/o,b,(Lcom/corrodinggames/rts/game/units/am;Z)I,getDisplayQueueCount,com/corrodinggames/rts/game/units/a/s,True
com/corrodinggames/rts/game/units/a/o,e,()Lcom/corrodinggames/rts/game/units/a/u;,getActionCommandType,com/corrodinggames/rts/game/units/a/s,True
com/corrodinggames/rts/game/units/a/o,f,()Lcom/corrodinggames/rts/game/units/a/t;,getDisplayType,com/corrodinggames/rts/game/units/a/s,True
com/corrodinggames/rts/game/units/a/o,g,()Z,isBuildAction,com/corrodinggames/rts/game/units/a/s,True
com/corrodinggames/rts/game/units/a/o,j,()Lcom/corrodinggames/rts/gameFramework/m/e;,getIconImage,com/corrodinggames/rts/game/units/a/s,True
com/corrodinggames/rts/game/units/a/o,i,()Lcom/corrodinggames/rts/game/units/as;,getBuildUnitType,com/corrodinggames/rts/game/units/a/s,True
com/corrodinggames/rts/game/units/a/p,b,(Lcom/corrodinggames/rts/game/units/am;Z)I,getDisplayQueueCount,com/corrodinggames/rts/game/units/a/s,True
com/corrodinggames/rts/game/units/a/p,c,()I,getCreditCost,com/corrodinggames/rts/game/units/a/s,True
com/corrodinggames/rts/game/units/a/p,i,()Lcom/corrodinggames/rts/game/units/as;,getBuildUnitType,com/corrodinggames/rts/game/units/a/s,True
com/corrodinggames/rts/game/units/a/p,e,()Lcom/corrodinggames/rts/game/units/a/u;,getActionCommandType,com/corrodinggames/rts/game/units/a/s,True
com/corrodinggames/rts/game/units/a/p,f,()Lcom/corrodinggames/rts/game/units/a/t;,getDisplayType,com/corrodinggames/rts/game/units/a/s,True
com/corrodinggames/rts/game/units/a/p,g,()Z,isBuildAction,com/corrodinggames/rts/game/units/a/s,True
com/corrodinggames/rts/game/units/a/p,d,()Ljava/lang/String;,getDisplayTextWithCount,com/corrodinggames/rts/game/units/a/s,True
com/corrodinggames/rts/game/units/a/p,h_,()Z,shouldShowText,com/corrodinggames/rts/game/units/a/s,True
com/corrodinggames/rts/game/units/a/q,b,()Ljava/lang/String;,getText,com/corrodinggames/rts/game/units/a/s,True
com/corrodinggames/rts/game/units/a/q,a,()Ljava/lang/String;,getDescription,com/corrodinggames/rts/game/units/a/s,True
com/corrodinggames/rts/game/units/a/r,b,()Ljava/lang/String;,getText,com/corrodinggames/rts/game/units/a/s,True
com/corrodinggames/rts/game/units/a/r,a,()Ljava/lang/String;,getDescription,com/corrodinggames/rts/game/units/a/s,True
com/corrodinggames/rts/game/units/a/v,i,()Lcom/corrodinggames/rts/game/units/as;,getBuildUnitType,com/corrodinggames/rts/game/units/a/s,True
com/corrodinggames/rts/game/units/a/v,y,()Lcom/corrodinggames/rts/game/units/as;,getGuiBuildUnitType,com/corrodinggames/rts/game/units/a/s,True
com/corrodinggames/rts/game/units/a/v,a,()Ljava/lang/String;,getDescription,com/corrodinggames/rts/game/units/a/s,True
com/corrodinggames/rts/game/units/a/v,b,()Ljava/lang/String;,getText,com/corrodinggames/rts/game/units/a/s,True
com/corrodinggames/rts/game/units/a/v,c,()I,getCreditCost,com/corrodinggames/rts/game/units/a/s,True
com/corrodinggames/rts/game/units/a/v,B,()Lcom/corrodinggames/rts/game/units/custom/d/b;,getPrice,com/corrodinggames/rts/game/units/a/s,True
com/corrodinggames/rts/game/units/a/v,r_,()Lcom/corrodinggames/rts/game/units/custom/d/b;,getStreamingCost,com/corrodinggames/rts/game/units/a/s,True
com/corrodinggames/rts/game/units/a/v,b,(Lcom/corrodinggames/rts/game/units/am;Z)I,getDisplayQueueCount,com/corrodinggames/rts/game/units/a/s,True
com/corrodinggames/rts/game/units/a/v,e,()Lcom/corrodinggames/rts/game/units/a/u;,getActionCommandType,com/corrodinggames/rts/game/units/a/s,True
com/corrodinggames/rts/game/units/a/v,f,()Lcom/corrodinggames/rts/game/units/a/t;,getDisplayType,com/corrodinggames/rts/game/units/a/s,True
com/corrodinggames/rts/game/units/a/v,g,(Lcom/corrodinggames/rts/game/units/am;)Z,isLocked,com/corrodinggames/rts/game/units/a/s,True
com/corrodinggames/rts/game/units/a/v,g,()Z,isBuildAction,com/corrodinggames/rts/game/units/a/s,True
com/corrodinggames/rts/game/units/a/v,u,()Z,isQueuedAction,com/corrodinggames/rts/game/units/a/s,True
com/corrodinggames/rts/game/units/a/v,p,(Lcom/corrodinggames/rts/game/units/am;)F,getProgress,com/corrodinggames/rts/game/units/a/s,True
com/corrodinggames/rts/game/units/a/v,r,(Lcom/corrodinggames/rts/game/units/am;)Z,isVisibleWithExtraCheck,com/corrodinggames/rts/game/units/a/s,True
com/corrodinggames/rts/game/units/a/v,b,(Lcom/corrodinggames/rts/game/units/am;)Z,isVisible,com/corrodinggames/rts/game/units/a/s,True
com/corrodinggames/rts/game/units/a/w,b,(Lcom/corrodinggames/rts/game/units/am;Z)I,getDisplayQueueCount,com/corrodinggames/rts/game/units/a/s,True
com/corrodinggames/rts/game/units/a/w,p,(Lcom/corrodinggames/rts/game/units/am;)F,getProgress,com/corrodinggames/rts/game/units/a/s,True
com/corrodinggames/rts/game/units/a/w,u,()Z,isQueuedAction,com/corrodinggames/rts/game/units/a/s,True
com/corrodinggames/rts/game/units/a/w,e,()Lcom/corrodinggames/rts/game/units/a/u;,getActionCommandType,com/corrodinggames/rts/game/units/a/s,True
com/corrodinggames/rts/game/units/a/x,b,(Lcom/corrodinggames/rts/game/units/am;Z)I,getDisplayQueueCount,com/corrodinggames/rts/game/units/a/s,True
com/corrodinggames/rts/game/units/a/x,c,()I,getCreditCost,com/corrodinggames/rts/game/units/a/s,True
com/corrodinggames/rts/game/units/a/x,e,()Lcom/corrodinggames/rts/game/units/a/u;,getActionCommandType,com/corrodinggames/rts/game/units/a/s,True
com/corrodinggames/rts/game/units/a/x,f,()Lcom/corrodinggames/rts/game/units/a/t;,getDisplayType,com/corrodinggames/rts/game/units/a/s,True
com/corrodinggames/rts/game/units/a/x,g,()Z,isBuildAction,com/corrodinggames/rts/game/units/a/s,True
com/corrodinggames/rts/game/units/a/x,i,()Lcom/corrodinggames/rts/game/units/as;,getBuildUnitType,com/corrodinggames/rts/game/units/a/s,True
com/corrodinggames/rts/game/units/a/y,b,(Lcom/corrodinggames/rts/game/units/am;Z)I,getDisplayQueueCount,com/corrodinggames/rts/game/units/a/s,True
com/corrodinggames/rts/game/units/a/y,c,()I,getCreditCost,com/corrodinggames/rts/game/units/a/s,True
com/corrodinggames/rts/game/units/a/y,i,()Lcom/corrodinggames/rts/game/units/as;,getBuildUnitType,com/corrodinggames/rts/game/units/a/s,True
com/corrodinggames/rts/game/units/a/y,e,()Lcom/corrodinggames/rts/game/units/a/u;,getActionCommandType,com/corrodinggames/rts/game/units/a/s,True
com/corrodinggames/rts/game/units/a/y,f,()Lcom/corrodinggames/rts/game/units/a/t;,getDisplayType,com/corrodinggames/rts/game/units/a/s,True
com/corrodinggames/rts/game/units/a/y,g,()Z,isBuildAction,com/corrodinggames/rts/game/units/a/s,True
com/corrodinggames/rts/game/units/a/y,d,()Ljava/lang/String;,getDisplayTextWithCount,com/corrodinggames/rts/game/units/a/s,True
com/corrodinggames/rts/game/units/a/y,h_,()Z,shouldShowText,com/corrodinggames/rts/game/units/a/s,True
com/corrodinggames/rts/game/units/a/y,b,()Ljava/lang/String;,getText,com/corrodinggames/rts/game/units/a/s,True
com/corrodinggames/rts/game/units/a/y,d,(Lcom/corrodinggames/rts/game/units/am;)Ljava/lang/String;,getTextForUnit,com/corrodinggames/rts/game/units/a/s,True
com/corrodinggames/rts/game/units/a/y,u,()Z,isQueuedAction,com/corrodinggames/rts/game/units/a/s,True
com/corrodinggames/rts/game/units/a/y,a,()Ljava/lang/String;,getDescription,com/corrodinggames/rts/game/units/a/s,True
com/corrodinggames/rts/game/units/a/z,b,(Lcom/corrodinggames/rts/game/units/am;Z)I,getDisplayQueueCount,com/corrodinggames/rts/game/units/a/s,True
com/corrodinggames/rts/game/units/a/z,c,()I,getCreditCost,com/corrodinggames/rts/game/units/a/s,True
com/corrodinggames/rts/game/units/a/z,i,()Lcom/corrodinggames/rts/game/units/as;,getBuildUnitType,com/corrodinggames/rts/game/units/a/s,True
com/corrodinggames/rts/game/units/a/z,e,()Lcom/corrodinggames/rts/game/units/a/u;,getActionCommandType,com/corrodinggames/rts/game/units/a/s,True
com/corrodinggames/rts/game/units/a/z,f,()Lcom/corrodinggames/rts/game/units/a/t;,getDisplayType,com/corrodinggames/rts/game/units/a/s,True
com/corrodinggames/rts/game/units/a/z,g,()Z,isBuildAction,com/corrodinggames/rts/game/units/a/s,True
com/corrodinggames/rts/game/units/a/z,d,()Ljava/lang/String;,getDisplayTextWithCount,com/corrodinggames/rts/game/units/a/s,True
com/corrodinggames/rts/game/units/a/z,b,()Ljava/lang/String;,getText,com/corrodinggames/rts/game/units/a/s,True
com/corrodinggames/rts/game/units/a/z,w,(Lcom/corrodinggames/rts/game/units/am;)Ljava/lang/String;,getTextForTooltip,com/corrodinggames/rts/game/units/a/s,True
com/corrodinggames/rts/game/units/a/z,h_,()Z,shouldShowText,com/corrodinggames/rts/game/units/a/s,True
com/corrodinggames/rts/game/units/a/z,u,()Z,isQueuedAction,com/corrodinggames/rts/game/units/a/s,True
com/corrodinggames/rts/game/units/a/z,a,()Ljava/lang/String;,getDescription,com/corrodinggames/rts/game/units/a/s,True
com/corrodinggames/rts/game/units/a/z,m_,()F,getSortOrder,com/corrodinggames/rts/game/units/a/s,True
com/corrodinggames/rts/game/units/b/c$1,a,()Ljava/lang/String;,getDescription,com/corrodinggames/rts/game/units/a/s,True
com/corrodinggames/rts/game/units/b/c$1,b,()Ljava/lang/String;,getText,com/corrodinggames/rts/game/units/a/s,True
com/corrodinggames/rts/game/units/b/c$1,a,(Lcom/corrodinggames/rts/game/units/am;Z)Z,isActiveAndQueueAllowed,com/corrodinggames/rts/game/units/a/s,True
com/corrodinggames/rts/game/units/b/c$2,a,()Ljava/lang/String;,getDescription,com/corrodinggames/rts/game/units/a/s,True
com/corrodinggames/rts/game/units/b/c$2,b,()Ljava/lang/String;,getText,com/corrodinggames/rts/game/units/a/s,True
com/corrodinggames/rts/game/units/b/c$2,a,(Lcom/corrodinggames/rts/game/units/am;Z)Z,isActiveAndQueueAllowed,com/corrodinggames/rts/game/units/a/s,True
com/corrodinggames/rts/game/units/b/d$1,a,()Ljava/lang/String;,getDescription,com/corrodinggames/rts/game/units/a/s,True
com/corrodinggames/rts/game/units/b/d$1,b,()Ljava/lang/String;,getText,com/corrodinggames/rts/game/units/a/s,True
com/corrodinggames/rts/game/units/b/d$1,b,(Lcom/corrodinggames/rts/game/units/am;Z)I,getDisplayQueueCount,com/corrodinggames/rts/game/units/a/x,True
com/corrodinggames/rts/game/units/b/d$1,a,(Lcom/corrodinggames/rts/game/units/am;Z)Z,isActiveAndQueueAllowed,com/corrodinggames/rts/game/units/a/s,True
com/corrodinggames/rts/game/units/b/d$2,a,()Ljava/lang/String;,getDescription,com/corrodinggames/rts/game/units/a/s,True
com/corrodinggames/rts/game/units/b/d$2,b,()Ljava/lang/String;,getText,com/corrodinggames/rts/game/units/a/s,True
com/corrodinggames/rts/game/units/b/d$2,a,(Lcom/corrodinggames/rts/game/units/am;Z)Z,isActiveAndQueueAllowed,com/corrodinggames/rts/game/units/a/s,True
com/corrodinggames/rts/game/units/b/d$2,b,(Lcom/corrodinggames/rts/game/units/am;)Z,isVisible,com/corrodinggames/rts/game/units/a/s,True
com/corrodinggames/rts/game/units/custom/a/g,P,()Lcom/corrodinggames/rts/game/units/custom/h;,getTags,com/corrodinggames/rts/game/units/a/s,True
com/corrodinggames/rts/game/units/custom/a/g,d,(Lcom/corrodinggames/rts/game/units/am;Z)Z,canPlayerCancel,com/corrodinggames/rts/game/units/a/s,True
com/corrodinggames/rts/game/units/custom/a/g,k,(Lcom/corrodinggames/rts/game/units/am;)Z,isAlwaysSinglePress,com/corrodinggames/rts/game/units/a/s,True
com/corrodinggames/rts/game/units/custom/a/g,l,(Lcom/corrodinggames/rts/game/units/am;)Z,isSecondarySinglePress,com/corrodinggames/rts/game/units/a/s,True
com/corrodinggames/rts/game/units/custom/a/g,u,()Z,isQueuedAction,com/corrodinggames/rts/game/units/a/w,True
com/corrodinggames/rts/game/units/custom/a/g,a,(Lcom/corrodinggames/rts/game/units/am;Z)Z,isActiveAndQueueAllowed,com/corrodinggames/rts/game/units/a/s,True
com/corrodinggames/rts/game/units/custom/a/g,g,(Lcom/corrodinggames/rts/game/units/am;)Z,isLocked,com/corrodinggames/rts/game/units/a/s,True
com/corrodinggames/rts/game/units/custom/a/g,j,(Lcom/corrodinggames/rts/game/units/am;)Ljava/lang/String;,getLockMessage,com/corrodinggames/rts/game/units/a/s,True
com/corrodinggames/rts/game/units/custom/a/g,r,(Lcom/corrodinggames/rts/game/units/am;)Z,isVisibleWithExtraCheck,com/corrodinggames/rts/game/units/a/s,True
com/corrodinggames/rts/game/units/custom/a/g,b,(Lcom/corrodinggames/rts/game/units/am;)Z,isVisible,com/corrodinggames/rts/game/units/a/s,True
com/corrodinggames/rts/game/units/custom/a/g,a,(Lcom/corrodinggames/rts/game/units/am;Lcom/corrodinggames/rts/game/n;)Z,isAlsoViewableByTeam,com/corrodinggames/rts/game/units/a/s,True
com/corrodinggames/rts/game/units/custom/a/g,r_,()Lcom/corrodinggames/rts/game/units/custom/d/b;,getStreamingCost,com/corrodinggames/rts/game/units/a/s,True
com/corrodinggames/rts/game/units/custom/a/g,b,(Lcom/corrodinggames/rts/game/units/am;Z)I,getDisplayQueueCount,com/corrodinggames/rts/game/units/a/w,True
com/corrodinggames/rts/game/units/custom/a/g,d,()Ljava/lang/String;,getDisplayTextWithCount,com/corrodinggames/rts/game/units/a/s,True
com/corrodinggames/rts/game/units/custom/a/g,b,()Ljava/lang/String;,getText,com/corrodinggames/rts/game/units/a/s,True
com/corrodinggames/rts/game/units/custom/a/g,d,(Lcom/corrodinggames/rts/game/units/am;)Ljava/lang/String;,getTextForUnit,com/corrodinggames/rts/game/units/a/s,True
com/corrodinggames/rts/game/units/custom/a/g,a,()Ljava/lang/String;,getDescription,com/corrodinggames/rts/game/units/a/s,True
com/corrodinggames/rts/game/units/custom/a/g,e,(Lcom/corrodinggames/rts/game/units/am;)Ljava/lang/String;,getDescriptionForUnit,com/corrodinggames/rts/game/units/a/s,True
com/corrodinggames/rts/game/units/custom/a/g,K,()F,getBuildSpeed,com/corrodinggames/rts/game/units/a/w,True
com/corrodinggames/rts/game/units/custom/a/g,e,()Lcom/corrodinggames/rts/game/units/a/u;,getActionCommandType,com/corrodinggames/rts/game/units/a/w,True
com/corrodinggames/rts/game/units/custom/a/g,B,()Lcom/corrodinggames/rts/game/units/custom/d/b;,getPrice,com/corrodinggames/rts/game/units/a/s,True
com/corrodinggames/rts/game/units/custom/a/g,c,()I,getCreditCost,com/corrodinggames/rts/game/units/a/s,True
com/corrodinggames/rts/game/units/custom/a/g,i,()Lcom/corrodinggames/rts/game/units/as;,getBuildUnitType,com/corrodinggames/rts/game/units/a/s,True
com/corrodinggames/rts/game/units/custom/a/g,y,()Lcom/corrodinggames/rts/game/units/as;,getGuiBuildUnitType,com/corrodinggames/rts/game/units/a/s,True
com/corrodinggames/rts/game/units/custom/a/g,E,()Lcom/corrodinggames/rts/game/units/as;,getAiConsiderSameAsBuildingUnitType,com/corrodinggames/rts/game/units/a/s,True
com/corrodinggames/rts/game/units/custom/a/g,g,()Z,isBuildAction,com/corrodinggames/rts/game/units/a/s,True
com/corrodinggames/rts/game/units/custom/a/g,f,()Lcom/corrodinggames/rts/game/units/a/t;,getDisplayType,com/corrodinggames/rts/game/units/a/s,True
com/corrodinggames/rts/game/units/custom/a/g,m,(Lcom/corrodinggames/rts/game/units/am;)Z,isAiDisabled,com/corrodinggames/rts/game/units/a/s,True
com/corrodinggames/rts/game/units/custom/a/g,n,(Lcom/corrodinggames/rts/game/units/am;)Z,isAiHighPriority,com/corrodinggames/rts/game/units/a/s,True
com/corrodinggames/rts/game/units/custom/a/g,v,(Lcom/corrodinggames/rts/game/units/am;)Lcom/corrodinggames/rts/game/units/custom/a/e;,getAiUse,com/corrodinggames/rts/game/units/a/s,True
com/corrodinggames/rts/game/units/custom/a/g,H,()Z,isHighPriorityQueue,com/corrodinggames/rts/game/units/a/s,True
com/corrodinggames/rts/game/units/custom/a/g,I,()Z,isOnlyOneUnitAtATime,com/corrodinggames/rts/game/units/a/s,True
com/corrodinggames/rts/game/units/custom/a/g,j,()Lcom/corrodinggames/rts/gameFramework/m/e;,getIconImage,com/corrodinggames/rts/game/units/a/s,True
com/corrodinggames/rts/game/units/custom/a/g,h,(Lcom/corrodinggames/rts/game/units/am;)Lcom/corrodinggames/rts/gameFramework/m/e;,getIconExtraImage,com/corrodinggames/rts/game/units/a/s,True
com/corrodinggames/rts/game/units/custom/a/g,J,()I,getIconExtraColor,com/corrodinggames/rts/game/units/a/s,True
com/corrodinggames/rts/game/units/custom/a/g,i,(Lcom/corrodinggames/rts/game/units/am;)Lcom/corrodinggames/rts/game/units/am;,getUnitShownInUI,com/corrodinggames/rts/game/units/a/s,True
com/corrodinggames/rts/game/units/custom/a/g,s,(Lcom/corrodinggames/rts/game/units/am;)Z,isUnitShownInUIWithHpBar,com/corrodinggames/rts/game/units/a/s,True
com/corrodinggames/rts/game/units/custom/a/g,t,(Lcom/corrodinggames/rts/game/units/am;)Z,isUnitShownInUIWithProgressBar,com/corrodinggames/rts/game/units/a/s,True
com/corrodinggames/rts/game/units/custom/a/g,a,(Lcom/corrodinggames/rts/game/units/am;)Z,isGuiBlinking,com/corrodinggames/rts/game/units/a/s,True
com/corrodinggames/rts/game/units/custom/a/g,Q,()Z,usesExtraLagHidingInUI,com/corrodinggames/rts/game/units/a/s,True
com/corrodinggames/rts/game/units/custom/a/g,a,(Lcom/corrodinggames/rts/game/units/y;)V,onActionCompleted,com/corrodinggames/rts/game/units/a/s,True
com/corrodinggames/rts/game/units/d/a/a$1,g,()Z,isBuildAction,com/corrodinggames/rts/game/units/a/s,True
com/corrodinggames/rts/game/units/d/a/a$1,a,()Ljava/lang/String;,getDescription,com/corrodinggames/rts/game/units/a/s,True
com/corrodinggames/rts/game/units/d/a/a$1,b,()Ljava/lang/String;,getText,com/corrodinggames/rts/game/units/a/s,True
com/corrodinggames/rts/game/units/d/a/a$1,c,()I,getCreditCost,com/corrodinggames/rts/game/units/a/s,True
com/corrodinggames/rts/game/units/d/a/a$1,K,()F,getBuildSpeed,com/corrodinggames/rts/game/units/a/w,True
com/corrodinggames/rts/game/units/d/a/a$1,a,(Lcom/corrodinggames/rts/game/units/am;Z)Z,isActiveAndQueueAllowed,com/corrodinggames/rts/game/units/a/s,True
com/corrodinggames/rts/game/units/d/a/a$1,b,(Lcom/corrodinggames/rts/game/units/am;)Z,isVisible,com/corrodinggames/rts/game/units/a/s,True
com/corrodinggames/rts/game/units/d/a/a$1,f,()Lcom/corrodinggames/rts/game/units/a/t;,getDisplayType,com/corrodinggames/rts/game/units/a/s,True
com/corrodinggames/rts/game/units/d/a/a$1,i,()Lcom/corrodinggames/rts/game/units/as;,getBuildUnitType,com/corrodinggames/rts/game/units/a/s,True
com/corrodinggames/rts/game/units/d/a/b$1,g,()Z,isBuildAction,com/corrodinggames/rts/game/units/a/s,True
com/corrodinggames/rts/game/units/d/a/b$1,a,()Ljava/lang/String;,getDescription,com/corrodinggames/rts/game/units/a/s,True
com/corrodinggames/rts/game/units/d/a/b$1,b,()Ljava/lang/String;,getText,com/corrodinggames/rts/game/units/a/s,True
com/corrodinggames/rts/game/units/d/a/b$1,c,()I,getCreditCost,com/corrodinggames/rts/game/units/a/s,True
com/corrodinggames/rts/game/units/d/a/b$1,K,()F,getBuildSpeed,com/corrodinggames/rts/game/units/a/w,True
com/corrodinggames/rts/game/units/d/a/b$1,a,(Lcom/corrodinggames/rts/game/units/am;Z)Z,isActiveAndQueueAllowed,com/corrodinggames/rts/game/units/a/s,True
com/corrodinggames/rts/game/units/d/a/b$1,b,(Lcom/corrodinggames/rts/game/units/am;)Z,isVisible,com/corrodinggames/rts/game/units/a/s,True
com/corrodinggames/rts/game/units/d/a/b$1,f,()Lcom/corrodinggames/rts/game/units/a/t;,getDisplayType,com/corrodinggames/rts/game/units/a/s,True
com/corrodinggames/rts/game/units/d/a/b$1,i,()Lcom/corrodinggames/rts/game/units/as;,getBuildUnitType,com/corrodinggames/rts/game/units/a/s,True
com/corrodinggames/rts/game/units/d/a/b$2,g,()Z,isBuildAction,com/corrodinggames/rts/game/units/a/s,True
com/corrodinggames/rts/game/units/d/a/b$2,a,()Ljava/lang/String;,getDescription,com/corrodinggames/rts/game/units/a/s,True
com/corrodinggames/rts/game/units/d/a/b$2,b,()Ljava/lang/String;,getText,com/corrodinggames/rts/game/units/a/s,True
com/corrodinggames/rts/game/units/d/a/b$2,c,()I,getCreditCost,com/corrodinggames/rts/game/units/a/s,True
com/corrodinggames/rts/game/units/d/a/b$2,K,()F,getBuildSpeed,com/corrodinggames/rts/game/units/a/w,True
com/corrodinggames/rts/game/units/d/a/b$2,a,(Lcom/corrodinggames/rts/game/units/am;Z)Z,isActiveAndQueueAllowed,com/corrodinggames/rts/game/units/a/s,True
com/corrodinggames/rts/game/units/d/a/b$2,b,(Lcom/corrodinggames/rts/game/units/am;)Z,isVisible,com/corrodinggames/rts/game/units/a/s,True
com/corrodinggames/rts/game/units/d/a/b$2,f,()Lcom/corrodinggames/rts/game/units/a/t;,getDisplayType,com/corrodinggames/rts/game/units/a/s,True
com/corrodinggames/rts/game/units/d/a/b$2,i,()Lcom/corrodinggames/rts/game/units/as;,getBuildUnitType,com/corrodinggames/rts/game/units/a/s,True
com/corrodinggames/rts/game/units/d/a/b$3,g,()Z,isBuildAction,com/corrodinggames/rts/game/units/a/s,True
com/corrodinggames/rts/game/units/d/a/b$3,a,()Ljava/lang/String;,getDescription,com/corrodinggames/rts/game/units/a/s,True
com/corrodinggames/rts/game/units/d/a/b$3,b,()Ljava/lang/String;,getText,com/corrodinggames/rts/game/units/a/s,True
com/corrodinggames/rts/game/units/d/a/b$3,c,()I,getCreditCost,com/corrodinggames/rts/game/units/a/s,True
com/corrodinggames/rts/game/units/d/a/b$3,K,()F,getBuildSpeed,com/corrodinggames/rts/game/units/a/w,True
com/corrodinggames/rts/game/units/d/a/b$3,a,(Lcom/corrodinggames/rts/game/units/am;Z)Z,isActiveAndQueueAllowed,com/corrodinggames/rts/game/units/a/s,True
com/corrodinggames/rts/game/units/d/a/b$3,b,(Lcom/corrodinggames/rts/game/units/am;)Z,isVisible,com/corrodinggames/rts/game/units/a/s,True
com/corrodinggames/rts/game/units/d/a/b$3,f,()Lcom/corrodinggames/rts/game/units/a/t;,getDisplayType,com/corrodinggames/rts/game/units/a/s,True
com/corrodinggames/rts/game/units/d/a/b$3,i,()Lcom/corrodinggames/rts/game/units/as;,getBuildUnitType,com/corrodinggames/rts/game/units/a/s,True
com/corrodinggames/rts/game/units/d/a/b$4,g,()Z,isBuildAction,com/corrodinggames/rts/game/units/a/s,True
com/corrodinggames/rts/game/units/d/a/b$4,a,()Ljava/lang/String;,getDescription,com/corrodinggames/rts/game/units/a/s,True
com/corrodinggames/rts/game/units/d/a/b$4,b,()Ljava/lang/String;,getText,com/corrodinggames/rts/game/units/a/s,True
com/corrodinggames/rts/game/units/d/a/b$4,c,()I,getCreditCost,com/corrodinggames/rts/game/units/a/s,True
com/corrodinggames/rts/game/units/d/a/b$4,K,()F,getBuildSpeed,com/corrodinggames/rts/game/units/a/w,True
com/corrodinggames/rts/game/units/d/a/b$4,a,(Lcom/corrodinggames/rts/game/units/am;Z)Z,isActiveAndQueueAllowed,com/corrodinggames/rts/game/units/a/s,True
com/corrodinggames/rts/game/units/d/a/b$4,b,(Lcom/corrodinggames/rts/game/units/am;)Z,isVisible,com/corrodinggames/rts/game/units/a/s,True
com/corrodinggames/rts/game/units/d/a/b$4,f,()Lcom/corrodinggames/rts/game/units/a/t;,getDisplayType,com/corrodinggames/rts/game/units/a/s,True
com/corrodinggames/rts/game/units/d/a/b$4,i,()Lcom/corrodinggames/rts/game/units/as;,getBuildUnitType,com/corrodinggames/rts/game/units/a/s,True
com/corrodinggames/rts/game/units/d/b,g,()Z,isBuildAction,com/corrodinggames/rts/game/units/a/s,True
com/corrodinggames/rts/game/units/d/b,a,()Ljava/lang/String;,getDescription,com/corrodinggames/rts/game/units/a/s,True
com/corrodinggames/rts/game/units/d/b,b,()Ljava/lang/String;,getText,com/corrodinggames/rts/game/units/a/s,True
com/corrodinggames/rts/game/units/d/b,c,()I,getCreditCost,com/corrodinggames/rts/game/units/a/s,True
com/corrodinggames/rts/game/units/d/b,K,()F,getBuildSpeed,com/corrodinggames/rts/game/units/a/w,True
com/corrodinggames/rts/game/units/d/b,a,(Lcom/corrodinggames/rts/game/units/am;Z)Z,isActiveAndQueueAllowed,com/corrodinggames/rts/game/units/a/s,True
com/corrodinggames/rts/game/units/d/b,f,()Lcom/corrodinggames/rts/game/units/a/t;,getDisplayType,com/corrodinggames/rts/game/units/a/s,True
com/corrodinggames/rts/game/units/d/b,i,()Lcom/corrodinggames/rts/game/units/as;,getBuildUnitType,com/corrodinggames/rts/game/units/a/s,True
com/corrodinggames/rts/game/units/d/c$1,g,()Z,isBuildAction,com/corrodinggames/rts/game/units/a/s,True
com/corrodinggames/rts/game/units/d/c$1,a,()Ljava/lang/String;,getDescription,com/corrodinggames/rts/game/units/a/s,True
com/corrodinggames/rts/game/units/d/c$1,b,()Ljava/lang/String;,getText,com/corrodinggames/rts/game/units/a/s,True
com/corrodinggames/rts/game/units/d/c$1,c,()I,getCreditCost,com/corrodinggames/rts/game/units/a/s,True
com/corrodinggames/rts/game/units/d/c$1,a,(Lcom/corrodinggames/rts/game/units/am;Z)Z,isActiveAndQueueAllowed,com/corrodinggames/rts/game/units/a/s,True
com/corrodinggames/rts/game/units/d/c$1,e,()Lcom/corrodinggames/rts/game/units/a/u;,getActionCommandType,com/corrodinggames/rts/game/units/a/s,True
com/corrodinggames/rts/game/units/d/c$1,f,()Lcom/corrodinggames/rts/game/units/a/t;,getDisplayType,com/corrodinggames/rts/game/units/a/s,True
com/corrodinggames/rts/game/units/d/c$1,b,(Lcom/corrodinggames/rts/game/units/am;Z)I,getDisplayQueueCount,com/corrodinggames/rts/game/units/a/s,True
com/corrodinggames/rts/game/units/d/c$1,i,()Lcom/corrodinggames/rts/game/units/as;,getBuildUnitType,com/corrodinggames/rts/game/units/a/s,True
com/corrodinggames/rts/game/units/d/c$2,g,()Z,isBuildAction,com/corrodinggames/rts/game/units/a/s,True
com/corrodinggames/rts/game/units/d/c$2,a,()Ljava/lang/String;,getDescription,com/corrodinggames/rts/game/units/a/s,True
com/corrodinggames/rts/game/units/d/c$2,b,()Ljava/lang/String;,getText,com/corrodinggames/rts/game/units/a/s,True
com/corrodinggames/rts/game/units/d/c$2,c,()I,getCreditCost,com/corrodinggames/rts/game/units/a/s,True
com/corrodinggames/rts/game/units/d/c$2,K,()F,getBuildSpeed,com/corrodinggames/rts/game/units/a/w,True
com/corrodinggames/rts/game/units/d/c$2,a,(Lcom/corrodinggames/rts/game/units/am;Z)Z,isActiveAndQueueAllowed,com/corrodinggames/rts/game/units/a/s,True
com/corrodinggames/rts/game/units/d/c$2,f,()Lcom/corrodinggames/rts/game/units/a/t;,getDisplayType,com/corrodinggames/rts/game/units/a/s,True
com/corrodinggames/rts/game/units/d/c$2,i,()Lcom/corrodinggames/rts/game/units/as;,getBuildUnitType,com/corrodinggames/rts/game/units/a/s,True
com/corrodinggames/rts/game/units/d/f$1,g,()Z,isBuildAction,com/corrodinggames/rts/game/units/a/s,True
com/corrodinggames/rts/game/units/d/f$1,a,()Ljava/lang/String;,getDescription,com/corrodinggames/rts/game/units/a/s,True
com/corrodinggames/rts/game/units/d/f$1,b,()Ljava/lang/String;,getText,com/corrodinggames/rts/game/units/a/s,True
com/corrodinggames/rts/game/units/d/f$1,c,()I,getCreditCost,com/corrodinggames/rts/game/units/a/s,True
com/corrodinggames/rts/game/units/d/f$1,K,()F,getBuildSpeed,com/corrodinggames/rts/game/units/a/w,True
com/corrodinggames/rts/game/units/d/f$1,a,(Lcom/corrodinggames/rts/game/units/am;Z)Z,isActiveAndQueueAllowed,com/corrodinggames/rts/game/units/a/s,True
com/corrodinggames/rts/game/units/d/f$1,f,()Lcom/corrodinggames/rts/game/units/a/t;,getDisplayType,com/corrodinggames/rts/game/units/a/s,True
com/corrodinggames/rts/game/units/d/f$1,i,()Lcom/corrodinggames/rts/game/units/as;,getBuildUnitType,com/corrodinggames/rts/game/units/a/s,True
com/corrodinggames/rts/game/units/d/g$1,g,()Z,isBuildAction,com/corrodinggames/rts/game/units/a/s,True
com/corrodinggames/rts/game/units/d/g$1,a,()Ljava/lang/String;,getDescription,com/corrodinggames/rts/game/units/a/s,True
com/corrodinggames/rts/game/units/d/g$1,b,()Ljava/lang/String;,getText,com/corrodinggames/rts/game/units/a/s,True
com/corrodinggames/rts/game/units/d/g$1,c,()I,getCreditCost,com/corrodinggames/rts/game/units/a/s,True
com/corrodinggames/rts/game/units/d/g$1,K,()F,getBuildSpeed,com/corrodinggames/rts/game/units/a/w,True
com/corrodinggames/rts/game/units/d/g$1,a,(Lcom/corrodinggames/rts/game/units/am;Z)Z,isActiveAndQueueAllowed,com/corrodinggames/rts/game/units/a/s,True
com/corrodinggames/rts/game/units/d/g$1,f,()Lcom/corrodinggames/rts/game/units/a/t;,getDisplayType,com/corrodinggames/rts/game/units/a/s,True
com/corrodinggames/rts/game/units/d/g$1,i,()Lcom/corrodinggames/rts/game/units/as;,getBuildUnitType,com/corrodinggames/rts/game/units/a/s,True
com/corrodinggames/rts/game/units/d/g$2,g,()Z,isBuildAction,com/corrodinggames/rts/game/units/a/s,True
com/corrodinggames/rts/game/units/d/g$2,a,()Ljava/lang/String;,getDescription,com/corrodinggames/rts/game/units/a/s,True
com/corrodinggames/rts/game/units/d/g$2,b,()Ljava/lang/String;,getText,com/corrodinggames/rts/game/units/a/s,True
com/corrodinggames/rts/game/units/d/g$2,c,()I,getCreditCost,com/corrodinggames/rts/game/units/a/s,True
com/corrodinggames/rts/game/units/d/g$2,K,()F,getBuildSpeed,com/corrodinggames/rts/game/units/a/w,True
com/corrodinggames/rts/game/units/d/g$2,a,(Lcom/corrodinggames/rts/game/units/am;Z)Z,isActiveAndQueueAllowed,com/corrodinggames/rts/game/units/a/s,True
com/corrodinggames/rts/game/units/d/g$2,f,()Lcom/corrodinggames/rts/game/units/a/t;,getDisplayType,com/corrodinggames/rts/game/units/a/s,True
com/corrodinggames/rts/game/units/d/g$2,i,()Lcom/corrodinggames/rts/game/units/as;,getBuildUnitType,com/corrodinggames/rts/game/units/a/s,True
com/corrodinggames/rts/game/units/d/h$1,g,()Z,isBuildAction,com/corrodinggames/rts/game/units/a/s,True
com/corrodinggames/rts/game/units/d/h$1,a,()Ljava/lang/String;,getDescription,com/corrodinggames/rts/game/units/a/s,True
com/corrodinggames/rts/game/units/d/h$1,b,()Ljava/lang/String;,getText,com/corrodinggames/rts/game/units/a/s,True
com/corrodinggames/rts/game/units/d/h$1,c,()I,getCreditCost,com/corrodinggames/rts/game/units/a/s,True
com/corrodinggames/rts/game/units/d/h$1,K,()F,getBuildSpeed,com/corrodinggames/rts/game/units/a/w,True
com/corrodinggames/rts/game/units/d/h$1,a,(Lcom/corrodinggames/rts/game/units/am;Z)Z,isActiveAndQueueAllowed,com/corrodinggames/rts/game/units/a/s,True
com/corrodinggames/rts/game/units/d/h$1,b,(Lcom/corrodinggames/rts/game/units/am;)Z,isVisible,com/corrodinggames/rts/game/units/a/s,True
com/corrodinggames/rts/game/units/d/h$1,f,()Lcom/corrodinggames/rts/game/units/a/t;,getDisplayType,com/corrodinggames/rts/game/units/a/s,True
com/corrodinggames/rts/game/units/d/h$1,i,()Lcom/corrodinggames/rts/game/units/as;,getBuildUnitType,com/corrodinggames/rts/game/units/a/s,True
com/corrodinggames/rts/game/units/d/h$2,g,()Z,isBuildAction,com/corrodinggames/rts/game/units/a/s,True
com/corrodinggames/rts/game/units/d/h$2,a,()Ljava/lang/String;,getDescription,com/corrodinggames/rts/game/units/a/s,True
com/corrodinggames/rts/game/units/d/h$2,b,()Ljava/lang/String;,getText,com/corrodinggames/rts/game/units/a/s,True
com/corrodinggames/rts/game/units/d/h$2,c,()I,getCreditCost,com/corrodinggames/rts/game/units/a/s,True
com/corrodinggames/rts/game/units/d/h$2,K,()F,getBuildSpeed,com/corrodinggames/rts/game/units/a/w,True
com/corrodinggames/rts/game/units/d/h$2,a,(Lcom/corrodinggames/rts/game/units/am;Z)Z,isActiveAndQueueAllowed,com/corrodinggames/rts/game/units/a/s,True
com/corrodinggames/rts/game/units/d/h$2,b,(Lcom/corrodinggames/rts/game/units/am;)Z,isVisible,com/corrodinggames/rts/game/units/a/s,True
com/corrodinggames/rts/game/units/d/h$2,f,()Lcom/corrodinggames/rts/game/units/a/t;,getDisplayType,com/corrodinggames/rts/game/units/a/s,True
com/corrodinggames/rts/game/units/d/h$2,i,()Lcom/corrodinggames/rts/game/units/as;,getBuildUnitType,com/corrodinggames/rts/game/units/a/s,True
com/corrodinggames/rts/game/units/d/n,g,()Z,isBuildAction,com/corrodinggames/rts/game/units/a/s,True
com/corrodinggames/rts/game/units/d/n,a,()Ljava/lang/String;,getDescription,com/corrodinggames/rts/game/units/a/s,True
com/corrodinggames/rts/game/units/d/n,b,()Ljava/lang/String;,getText,com/corrodinggames/rts/game/units/a/s,True
com/corrodinggames/rts/game/units/d/n,c,()I,getCreditCost,com/corrodinggames/rts/game/units/a/s,True
com/corrodinggames/rts/game/units/d/n,K,()F,getBuildSpeed,com/corrodinggames/rts/game/units/a/w,True
com/corrodinggames/rts/game/units/d/n,a,(Lcom/corrodinggames/rts/game/units/am;Z)Z,isActiveAndQueueAllowed,com/corrodinggames/rts/game/units/a/s,True
com/corrodinggames/rts/game/units/d/n,f,()Lcom/corrodinggames/rts/game/units/a/t;,getDisplayType,com/corrodinggames/rts/game/units/a/s,True
com/corrodinggames/rts/game/units/d/n,i,()Lcom/corrodinggames/rts/game/units/as;,getBuildUnitType,com/corrodinggames/rts/game/units/a/s,True
com/corrodinggames/rts/game/units/d/p$1,g,()Z,isBuildAction,com/corrodinggames/rts/game/units/a/s,True
com/corrodinggames/rts/game/units/d/p$1,a,()Ljava/lang/String;,getDescription,com/corrodinggames/rts/game/units/a/s,True
com/corrodinggames/rts/game/units/d/p$1,b,()Ljava/lang/String;,getText,com/corrodinggames/rts/game/units/a/s,True
com/corrodinggames/rts/game/units/d/p$1,c,()I,getCreditCost,com/corrodinggames/rts/game/units/a/s,True
com/corrodinggames/rts/game/units/d/p$1,K,()F,getBuildSpeed,com/corrodinggames/rts/game/units/a/w,True
com/corrodinggames/rts/game/units/d/p$1,a,(Lcom/corrodinggames/rts/game/units/am;Z)Z,isActiveAndQueueAllowed,com/corrodinggames/rts/game/units/a/s,True
com/corrodinggames/rts/game/units/d/p$1,b,(Lcom/corrodinggames/rts/game/units/am;)Z,isVisible,com/corrodinggames/rts/game/units/a/s,True
com/corrodinggames/rts/game/units/d/p$1,f,()Lcom/corrodinggames/rts/game/units/a/t;,getDisplayType,com/corrodinggames/rts/game/units/a/s,True
com/corrodinggames/rts/game/units/d/p$1,i,()Lcom/corrodinggames/rts/game/units/as;,getBuildUnitType,com/corrodinggames/rts/game/units/a/s,True
com/corrodinggames/rts/game/units/d/q$1,a,()Ljava/lang/String;,getDescription,com/corrodinggames/rts/game/units/a/s,True
com/corrodinggames/rts/game/units/d/q$1,b,()Ljava/lang/String;,getText,com/corrodinggames/rts/game/units/a/s,True
com/corrodinggames/rts/game/units/d/q$1,c,()I,getCreditCost,com/corrodinggames/rts/game/units/a/s,True
com/corrodinggames/rts/game/units/d/q$1,b,(Lcom/corrodinggames/rts/game/units/am;Z)I,getDisplayQueueCount,com/corrodinggames/rts/game/units/a/s,True
com/corrodinggames/rts/game/units/d/q$1,e,()Lcom/corrodinggames/rts/game/units/a/u;,getActionCommandType,com/corrodinggames/rts/game/units/a/s,True
com/corrodinggames/rts/game/units/d/q$1,f,()Lcom/corrodinggames/rts/game/units/a/t;,getDisplayType,com/corrodinggames/rts/game/units/a/s,True
com/corrodinggames/rts/game/units/d/q$1,g,()Z,isBuildAction,com/corrodinggames/rts/game/units/a/s,True
com/corrodinggames/rts/game/units/d/q$1,a,(Lcom/corrodinggames/rts/game/units/am;Z)Z,isActiveAndQueueAllowed,com/corrodinggames/rts/game/units/a/s,True
com/corrodinggames/rts/game/units/d/q$1,i,()Lcom/corrodinggames/rts/game/units/as;,getBuildUnitType,com/corrodinggames/rts/game/units/a/s,True
com/corrodinggames/rts/game/units/d/q$2,g,()Z,isBuildAction,com/corrodinggames/rts/game/units/a/s,True
com/corrodinggames/rts/game/units/d/q$2,a,()Ljava/lang/String;,getDescription,com/corrodinggames/rts/game/units/a/s,True
com/corrodinggames/rts/game/units/d/q$2,b,()Ljava/lang/String;,getText,com/corrodinggames/rts/game/units/a/s,True
com/corrodinggames/rts/game/units/d/q$2,c,()I,getCreditCost,com/corrodinggames/rts/game/units/a/s,True
com/corrodinggames/rts/game/units/d/q$2,K,()F,getBuildSpeed,com/corrodinggames/rts/game/units/a/w,True
com/corrodinggames/rts/game/units/d/q$2,a,(Lcom/corrodinggames/rts/game/units/am;Z)Z,isActiveAndQueueAllowed,com/corrodinggames/rts/game/units/a/s,True
com/corrodinggames/rts/game/units/d/q$2,f,()Lcom/corrodinggames/rts/game/units/a/t;,getDisplayType,com/corrodinggames/rts/game/units/a/s,True
com/corrodinggames/rts/game/units/d/q$2,i,()Lcom/corrodinggames/rts/game/units/as;,getBuildUnitType,com/corrodinggames/rts/game/units/a/s,True
com/corrodinggames/rts/game/units/d/u,g,()Z,isBuildAction,com/corrodinggames/rts/game/units/a/s,True
com/corrodinggames/rts/game/units/d/u,a,()Ljava/lang/String;,getDescription,com/corrodinggames/rts/game/units/a/s,True
com/corrodinggames/rts/game/units/d/u,b,()Ljava/lang/String;,getText,com/corrodinggames/rts/game/units/a/s,True
com/corrodinggames/rts/game/units/d/u,c,()I,getCreditCost,com/corrodinggames/rts/game/units/a/s,True
com/corrodinggames/rts/game/units/d/u,K,()F,getBuildSpeed,com/corrodinggames/rts/game/units/a/w,True
com/corrodinggames/rts/game/units/d/u,a,(Lcom/corrodinggames/rts/game/units/am;Z)Z,isActiveAndQueueAllowed,com/corrodinggames/rts/game/units/a/s,True
com/corrodinggames/rts/game/units/d/u,b,(Lcom/corrodinggames/rts/game/units/am;)Z,isVisible,com/corrodinggames/rts/game/units/a/s,True
com/corrodinggames/rts/game/units/d/u,f,()Lcom/corrodinggames/rts/game/units/a/t;,getDisplayType,com/corrodinggames/rts/game/units/a/s,True
com/corrodinggames/rts/game/units/d/u,i,()Lcom/corrodinggames/rts/game/units/as;,getBuildUnitType,com/corrodinggames/rts/game/units/a/s,True
com/corrodinggames/rts/game/units/d/v$1,g,()Z,isBuildAction,com/corrodinggames/rts/game/units/a/s,True
com/corrodinggames/rts/game/units/d/v$1,a,()Ljava/lang/String;,getDescription,com/corrodinggames/rts/game/units/a/s,True
com/corrodinggames/rts/game/units/d/v$1,b,()Ljava/lang/String;,getText,com/corrodinggames/rts/game/units/a/s,True
com/corrodinggames/rts/game/units/d/v$1,c,()I,getCreditCost,com/corrodinggames/rts/game/units/a/s,True
com/corrodinggames/rts/game/units/d/v$1,K,()F,getBuildSpeed,com/corrodinggames/rts/game/units/a/w,True
com/corrodinggames/rts/game/units/d/v$1,a,(Lcom/corrodinggames/rts/game/units/am;Z)Z,isActiveAndQueueAllowed,com/corrodinggames/rts/game/units/a/s,True
com/corrodinggames/rts/game/units/d/v$1,f,()Lcom/corrodinggames/rts/game/units/a/t;,getDisplayType,com/corrodinggames/rts/game/units/a/s,True
com/corrodinggames/rts/game/units/d/v$1,i,()Lcom/corrodinggames/rts/game/units/as;,getBuildUnitType,com/corrodinggames/rts/game/units/a/s,True
com/corrodinggames/rts/game/units/e/i$1,a,()Ljava/lang/String;,getDescription,com/corrodinggames/rts/game/units/a/s,True
com/corrodinggames/rts/game/units/e/i$1,b,()Ljava/lang/String;,getText,com/corrodinggames/rts/game/units/a/s,True
com/corrodinggames/rts/game/units/e/i$1,b,(Lcom/corrodinggames/rts/game/units/am;Z)I,getDisplayQueueCount,com/corrodinggames/rts/game/units/a/x,True
com/corrodinggames/rts/game/units/e/i$1,a,(Lcom/corrodinggames/rts/game/units/am;Z)Z,isActiveAndQueueAllowed,com/corrodinggames/rts/game/units/a/s,True
com/corrodinggames/rts/game/units/e/i$1,b,(Lcom/corrodinggames/rts/game/units/am;)Z,isVisible,com/corrodinggames/rts/game/units/a/s,True
com/corrodinggames/rts/game/units/e/i$2,a,()Ljava/lang/String;,getDescription,com/corrodinggames/rts/game/units/a/s,True
com/corrodinggames/rts/game/units/e/i$2,b,()Ljava/lang/String;,getText,com/corrodinggames/rts/game/units/a/s,True
com/corrodinggames/rts/game/units/e/i$2,a,(Lcom/corrodinggames/rts/game/units/am;Z)Z,isActiveAndQueueAllowed,com/corrodinggames/rts/game/units/a/s,True
com/corrodinggames/rts/game/units/e/i$2,b,(Lcom/corrodinggames/rts/game/units/am;)Z,isVisible,com/corrodinggames/rts/game/units/a/s,True
com/corrodinggames/rts/game/units/h$1,a,(Lcom/corrodinggames/rts/game/units/am;Z)Z,isActiveAndQueueAllowed,com/corrodinggames/rts/game/units/a/s,True
com/corrodinggames/rts/game/units/h$1,a,()Ljava/lang/String;,getDescription,com/corrodinggames/rts/game/units/a/s,True
com/corrodinggames/rts/game/units/h$1,b,()Ljava/lang/String;,getText,com/corrodinggames/rts/game/units/a/s,True
com/corrodinggames/rts/game/units/h$1,c,()I,getCreditCost,com/corrodinggames/rts/game/units/a/s,True
com/corrodinggames/rts/game/units/h$1,b,(Lcom/corrodinggames/rts/game/units/am;Z)I,getDisplayQueueCount,com/corrodinggames/rts/game/units/a/s,True
com/corrodinggames/rts/game/units/h$1,e,()Lcom/corrodinggames/rts/game/units/a/u;,getActionCommandType,com/corrodinggames/rts/game/units/a/s,True
com/corrodinggames/rts/game/units/h$1,f,()Lcom/corrodinggames/rts/game/units/a/t;,getDisplayType,com/corrodinggames/rts/game/units/a/s,True
com/corrodinggames/rts/game/units/h$1,g,()Z,isBuildAction,com/corrodinggames/rts/game/units/a/s,True
com/corrodinggames/rts/game/units/h$1,i,()Lcom/corrodinggames/rts/game/units/as;,getBuildUnitType,com/corrodinggames/rts/game/units/a/s,True
com/corrodinggames/rts/game/units/h$10,a,()Ljava/lang/String;,getDescription,com/corrodinggames/rts/game/units/a/s,True
com/corrodinggames/rts/game/units/h$10,b,()Ljava/lang/String;,getText,com/corrodinggames/rts/game/units/a/s,True
com/corrodinggames/rts/game/units/h$11,a,()Ljava/lang/String;,getDescription,com/corrodinggames/rts/game/units/a/s,True
com/corrodinggames/rts/game/units/h$11,b,()Ljava/lang/String;,getText,com/corrodinggames/rts/game/units/a/s,True
com/corrodinggames/rts/game/units/h$12,a,(Lcom/corrodinggames/rts/game/units/am;Z)Z,isActiveAndQueueAllowed,com/corrodinggames/rts/game/units/a/s,True
com/corrodinggames/rts/game/units/h$12,a,()Ljava/lang/String;,getDescription,com/corrodinggames/rts/game/units/a/s,True
com/corrodinggames/rts/game/units/h$12,b,()Ljava/lang/String;,getText,com/corrodinggames/rts/game/units/a/s,True
com/corrodinggames/rts/game/units/h$12,c,()I,getCreditCost,com/corrodinggames/rts/game/units/a/s,True
com/corrodinggames/rts/game/units/h$12,b,(Lcom/corrodinggames/rts/game/units/am;Z)I,getDisplayQueueCount,com/corrodinggames/rts/game/units/a/s,True
com/corrodinggames/rts/game/units/h$12,e,()Lcom/corrodinggames/rts/game/units/a/u;,getActionCommandType,com/corrodinggames/rts/game/units/a/s,True
com/corrodinggames/rts/game/units/h$12,f,()Lcom/corrodinggames/rts/game/units/a/t;,getDisplayType,com/corrodinggames/rts/game/units/a/s,True
com/corrodinggames/rts/game/units/h$12,g,()Z,isBuildAction,com/corrodinggames/rts/game/units/a/s,True
com/corrodinggames/rts/game/units/h$12,i,()Lcom/corrodinggames/rts/game/units/as;,getBuildUnitType,com/corrodinggames/rts/game/units/a/s,True
com/corrodinggames/rts/game/units/h$13,a,()Ljava/lang/String;,getDescription,com/corrodinggames/rts/game/units/a/s,True
com/corrodinggames/rts/game/units/h$13,b,()Ljava/lang/String;,getText,com/corrodinggames/rts/game/units/a/s,True
com/corrodinggames/rts/game/units/h$13,b,(Lcom/corrodinggames/rts/game/units/am;)Z,isVisible,com/corrodinggames/rts/game/units/a/s,True
com/corrodinggames/rts/game/units/h$14,a,()Ljava/lang/String;,getDescription,com/corrodinggames/rts/game/units/a/s,True
com/corrodinggames/rts/game/units/h$14,b,()Ljava/lang/String;,getText,com/corrodinggames/rts/game/units/a/s,True
com/corrodinggames/rts/game/units/h$14,b,(Lcom/corrodinggames/rts/game/units/am;)Z,isVisible,com/corrodinggames/rts/game/units/a/s,True
com/corrodinggames/rts/game/units/h$17,a,()Ljava/lang/String;,getDescription,com/corrodinggames/rts/game/units/a/s,True
com/corrodinggames/rts/game/units/h$17,b,()Ljava/lang/String;,getText,com/corrodinggames/rts/game/units/a/s,True
com/corrodinggames/rts/game/units/h$17,c,()I,getCreditCost,com/corrodinggames/rts/game/units/a/s,True
com/corrodinggames/rts/game/units/h$17,b,(Lcom/corrodinggames/rts/game/units/am;Z)I,getDisplayQueueCount,com/corrodinggames/rts/game/units/a/s,True
com/corrodinggames/rts/game/units/h$17,e,()Lcom/corrodinggames/rts/game/units/a/u;,getActionCommandType,com/corrodinggames/rts/game/units/a/s,True
com/corrodinggames/rts/game/units/h$17,f,()Lcom/corrodinggames/rts/game/units/a/t;,getDisplayType,com/corrodinggames/rts/game/units/a/s,True
com/corrodinggames/rts/game/units/h$17,g,()Z,isBuildAction,com/corrodinggames/rts/game/units/a/s,True
com/corrodinggames/rts/game/units/h$17,a,(Lcom/corrodinggames/rts/game/units/am;Z)Z,isActiveAndQueueAllowed,com/corrodinggames/rts/game/units/a/s,True
com/corrodinggames/rts/game/units/h$17,i,()Lcom/corrodinggames/rts/game/units/as;,getBuildUnitType,com/corrodinggames/rts/game/units/a/s,True
com/corrodinggames/rts/game/units/h$18,a,()Ljava/lang/String;,getDescription,com/corrodinggames/rts/game/units/a/s,True
com/corrodinggames/rts/game/units/h$18,b,()Ljava/lang/String;,getText,com/corrodinggames/rts/game/units/a/s,True
com/corrodinggames/rts/game/units/h$18,h_,()Z,shouldShowText,com/corrodinggames/rts/game/units/a/s,True
com/corrodinggames/rts/game/units/h$18,c,()I,getCreditCost,com/corrodinggames/rts/game/units/a/s,True
com/corrodinggames/rts/game/units/h$18,b,(Lcom/corrodinggames/rts/game/units/am;Z)I,getDisplayQueueCount,com/corrodinggames/rts/game/units/a/s,True
com/corrodinggames/rts/game/units/h$18,e,()Lcom/corrodinggames/rts/game/units/a/u;,getActionCommandType,com/corrodinggames/rts/game/units/a/s,True
com/corrodinggames/rts/game/units/h$18,f,()Lcom/corrodinggames/rts/game/units/a/t;,getDisplayType,com/corrodinggames/rts/game/units/a/s,True
com/corrodinggames/rts/game/units/h$18,g,()Z,isBuildAction,com/corrodinggames/rts/game/units/a/s,True
com/corrodinggames/rts/game/units/h$18,a,(Lcom/corrodinggames/rts/game/units/am;Z)Z,isActiveAndQueueAllowed,com/corrodinggames/rts/game/units/a/s,True
com/corrodinggames/rts/game/units/h$18,i,()Lcom/corrodinggames/rts/game/units/as;,getBuildUnitType,com/corrodinggames/rts/game/units/a/s,True
com/corrodinggames/rts/game/units/h$19,a,()Ljava/lang/String;,getDescription,com/corrodinggames/rts/game/units/a/s,True
com/corrodinggames/rts/game/units/h$19,b,()Ljava/lang/String;,getText,com/corrodinggames/rts/game/units/a/s,True
com/corrodinggames/rts/game/units/h$19,h_,()Z,shouldShowText,com/corrodinggames/rts/game/units/a/s,True
com/corrodinggames/rts/game/units/h$19,c,()I,getCreditCost,com/corrodinggames/rts/game/units/a/s,True
com/corrodinggames/rts/game/units/h$19,b,(Lcom/corrodinggames/rts/game/units/am;Z)I,getDisplayQueueCount,com/corrodinggames/rts/game/units/a/s,True
com/corrodinggames/rts/game/units/h$19,e,()Lcom/corrodinggames/rts/game/units/a/u;,getActionCommandType,com/corrodinggames/rts/game/units/a/s,True
com/corrodinggames/rts/game/units/h$19,f,()Lcom/corrodinggames/rts/game/units/a/t;,getDisplayType,com/corrodinggames/rts/game/units/a/s,True
com/corrodinggames/rts/game/units/h$19,g,()Z,isBuildAction,com/corrodinggames/rts/game/units/a/s,True
com/corrodinggames/rts/game/units/h$19,a,(Lcom/corrodinggames/rts/game/units/am;Z)Z,isActiveAndQueueAllowed,com/corrodinggames/rts/game/units/a/s,True
com/corrodinggames/rts/game/units/h$19,i,()Lcom/corrodinggames/rts/game/units/as;,getBuildUnitType,com/corrodinggames/rts/game/units/a/s,True
com/corrodinggames/rts/game/units/h$2,a,()Ljava/lang/String;,getDescription,com/corrodinggames/rts/game/units/a/s,True
com/corrodinggames/rts/game/units/h$2,b,()Ljava/lang/String;,getText,com/corrodinggames/rts/game/units/a/s,True
com/corrodinggames/rts/game/units/h$2,d,()Ljava/lang/String;,getDisplayTextWithCount,com/corrodinggames/rts/game/units/a/s,True
com/corrodinggames/rts/game/units/h$2,a,(Lcom/corrodinggames/rts/game/units/am;Z)Z,isActiveAndQueueAllowed,com/corrodinggames/rts/game/units/a/s,True
com/corrodinggames/rts/game/units/h$2,a,(Lcom/corrodinggames/rts/game/units/am;)Z,isGuiBlinking,com/corrodinggames/rts/game/units/a/s,True
com/corrodinggames/rts/game/units/h$20,a,()Ljava/lang/String;,getDescription,com/corrodinggames/rts/game/units/a/s,True
com/corrodinggames/rts/game/units/h$20,b,()Ljava/lang/String;,getText,com/corrodinggames/rts/game/units/a/s,True
com/corrodinggames/rts/game/units/h$20,h_,()Z,shouldShowText,com/corrodinggames/rts/game/units/a/s,True
com/corrodinggames/rts/game/units/h$20,c,()I,getCreditCost,com/corrodinggames/rts/game/units/a/s,True
com/corrodinggames/rts/game/units/h$20,b,(Lcom/corrodinggames/rts/game/units/am;Z)I,getDisplayQueueCount,com/corrodinggames/rts/game/units/a/s,True
com/corrodinggames/rts/game/units/h$20,e,()Lcom/corrodinggames/rts/game/units/a/u;,getActionCommandType,com/corrodinggames/rts/game/units/a/s,True
com/corrodinggames/rts/game/units/h$20,f,()Lcom/corrodinggames/rts/game/units/a/t;,getDisplayType,com/corrodinggames/rts/game/units/a/s,True
com/corrodinggames/rts/game/units/h$20,g,()Z,isBuildAction,com/corrodinggames/rts/game/units/a/s,True
com/corrodinggames/rts/game/units/h$20,a,(Lcom/corrodinggames/rts/game/units/am;Z)Z,isActiveAndQueueAllowed,com/corrodinggames/rts/game/units/a/s,True
com/corrodinggames/rts/game/units/h$20,i,()Lcom/corrodinggames/rts/game/units/as;,getBuildUnitType,com/corrodinggames/rts/game/units/a/s,True
com/corrodinggames/rts/game/units/h$21,a,()Ljava/lang/String;,getDescription,com/corrodinggames/rts/game/units/a/s,True
com/corrodinggames/rts/game/units/h$21,b,()Ljava/lang/String;,getText,com/corrodinggames/rts/game/units/a/s,True
com/corrodinggames/rts/game/units/h$21,h_,()Z,shouldShowText,com/corrodinggames/rts/game/units/a/s,True
com/corrodinggames/rts/game/units/h$21,c,()I,getCreditCost,com/corrodinggames/rts/game/units/a/s,True
com/corrodinggames/rts/game/units/h$21,b,(Lcom/corrodinggames/rts/game/units/am;Z)I,getDisplayQueueCount,com/corrodinggames/rts/game/units/a/s,True
com/corrodinggames/rts/game/units/h$21,e,()Lcom/corrodinggames/rts/game/units/a/u;,getActionCommandType,com/corrodinggames/rts/game/units/a/s,True
com/corrodinggames/rts/game/units/h$21,f,()Lcom/corrodinggames/rts/game/units/a/t;,getDisplayType,com/corrodinggames/rts/game/units/a/s,True
com/corrodinggames/rts/game/units/h$21,g,()Z,isBuildAction,com/corrodinggames/rts/game/units/a/s,True
com/corrodinggames/rts/game/units/h$21,a,(Lcom/corrodinggames/rts/game/units/am;Z)Z,isActiveAndQueueAllowed,com/corrodinggames/rts/game/units/a/s,True
com/corrodinggames/rts/game/units/h$21,i,()Lcom/corrodinggames/rts/game/units/as;,getBuildUnitType,com/corrodinggames/rts/game/units/a/s,True
com/corrodinggames/rts/game/units/h$22,a,()Ljava/lang/String;,getDescription,com/corrodinggames/rts/game/units/a/s,True
com/corrodinggames/rts/game/units/h$22,b,()Ljava/lang/String;,getText,com/corrodinggames/rts/game/units/a/s,True
com/corrodinggames/rts/game/units/h$22,d,()Ljava/lang/String;,getDisplayTextWithCount,com/corrodinggames/rts/game/units/a/s,True
com/corrodinggames/rts/game/units/h$22,a,(Lcom/corrodinggames/rts/game/units/am;Z)Z,isActiveAndQueueAllowed,com/corrodinggames/rts/game/units/a/s,True
com/corrodinggames/rts/game/units/h$23,a,()Ljava/lang/String;,getDescription,com/corrodinggames/rts/game/units/a/s,True
com/corrodinggames/rts/game/units/h$23,b,()Ljava/lang/String;,getText,com/corrodinggames/rts/game/units/a/s,True
com/corrodinggames/rts/game/units/h$23,d,()Ljava/lang/String;,getDisplayTextWithCount,com/corrodinggames/rts/game/units/a/s,True
com/corrodinggames/rts/game/units/h$23,a,(Lcom/corrodinggames/rts/game/units/am;Z)Z,isActiveAndQueueAllowed,com/corrodinggames/rts/game/units/a/s,True
com/corrodinggames/rts/game/units/h$3,a,()Ljava/lang/String;,getDescription,com/corrodinggames/rts/game/units/a/s,True
com/corrodinggames/rts/game/units/h$3,b,()Ljava/lang/String;,getText,com/corrodinggames/rts/game/units/a/s,True
com/corrodinggames/rts/game/units/h$3,d,()Ljava/lang/String;,getDisplayTextWithCount,com/corrodinggames/rts/game/units/a/s,True
com/corrodinggames/rts/game/units/h$3,a,(Lcom/corrodinggames/rts/game/units/am;Z)Z,isActiveAndQueueAllowed,com/corrodinggames/rts/game/units/a/s,True
com/corrodinggames/rts/game/units/h$3,b,(Lcom/corrodinggames/rts/game/units/am;)Z,isVisible,com/corrodinggames/rts/game/units/a/s,True
com/corrodinggames/rts/game/units/h$3,a,(Lcom/corrodinggames/rts/game/units/am;)Z,isGuiBlinking,com/corrodinggames/rts/game/units/a/s,True
com/corrodinggames/rts/game/units/h$4,a,()Ljava/lang/String;,getDescription,com/corrodinggames/rts/game/units/a/s,True
com/corrodinggames/rts/game/units/h$4,b,()Ljava/lang/String;,getText,com/corrodinggames/rts/game/units/a/s,True
com/corrodinggames/rts/game/units/h$5,a,()Ljava/lang/String;,getDescription,com/corrodinggames/rts/game/units/a/s,True
com/corrodinggames/rts/game/units/h$5,b,()Ljava/lang/String;,getText,com/corrodinggames/rts/game/units/a/s,True
com/corrodinggames/rts/game/units/h$5,d,()Ljava/lang/String;,getDisplayTextWithCount,com/corrodinggames/rts/game/units/a/s,True
com/corrodinggames/rts/game/units/h$5,a,(Lcom/corrodinggames/rts/game/units/am;Z)Z,isActiveAndQueueAllowed,com/corrodinggames/rts/game/units/a/s,True
com/corrodinggames/rts/game/units/h$6,a,()Ljava/lang/String;,getDescription,com/corrodinggames/rts/game/units/a/s,True
com/corrodinggames/rts/game/units/h$6,b,()Ljava/lang/String;,getText,com/corrodinggames/rts/game/units/a/s,True
com/corrodinggames/rts/game/units/h$7,a,()Ljava/lang/String;,getDescription,com/corrodinggames/rts/game/units/a/s,True
com/corrodinggames/rts/game/units/h$7,b,()Ljava/lang/String;,getText,com/corrodinggames/rts/game/units/a/s,True
com/corrodinggames/rts/game/units/h$8,a,()Ljava/lang/String;,getDescription,com/corrodinggames/rts/game/units/a/s,True
com/corrodinggames/rts/game/units/h$8,b,()Ljava/lang/String;,getText,com/corrodinggames/rts/game/units/a/s,True
com/corrodinggames/rts/game/units/h$9,j,()Lcom/corrodinggames/rts/gameFramework/m/e;,getIconImage,com/corrodinggames/rts/game/units/a/s,True
com/corrodinggames/rts/game/units/h$9,a,()Ljava/lang/String;,getDescription,com/corrodinggames/rts/game/units/a/s,True
com/corrodinggames/rts/game/units/h$9,b,()Ljava/lang/String;,getText,com/corrodinggames/rts/game/units/a/s,True
com/corrodinggames/rts/game/units/h/e$1,a,()Ljava/lang/String;,getDescription,com/corrodinggames/rts/game/units/a/s,True
com/corrodinggames/rts/game/units/h/e$1,b,()Ljava/lang/String;,getText,com/corrodinggames/rts/game/units/a/s,True
com/corrodinggames/rts/game/units/h/e$1,a,(Lcom/corrodinggames/rts/game/units/am;Z)Z,isActiveAndQueueAllowed,com/corrodinggames/rts/game/units/a/s,True
com/corrodinggames/rts/game/units/h/e$2,a,()Ljava/lang/String;,getDescription,com/corrodinggames/rts/game/units/a/s,True
com/corrodinggames/rts/game/units/h/e$2,b,()Ljava/lang/String;,getText,com/corrodinggames/rts/game/units/a/s,True
com/corrodinggames/rts/game/units/h/e$2,a,(Lcom/corrodinggames/rts/game/units/am;Z)Z,isActiveAndQueueAllowed,com/corrodinggames/rts/game/units/a/s,True
com/corrodinggames/rts/game/units/i,b,()Ljava/lang/String;,getText,com/corrodinggames/rts/game/units/a/s,True
com/corrodinggames/rts/game/units/i,a,()Ljava/lang/String;,getDescription,com/corrodinggames/rts/game/units/a/s,True
com/corrodinggames/rts/game/units/j,b,(Lcom/corrodinggames/rts/game/units/am;)Z,isVisible,com/corrodinggames/rts/game/units/a/s,True
com/corrodinggames/rts/game/units/j,b,()Ljava/lang/String;,getText,com/corrodinggames/rts/game/units/a/s,True
com/corrodinggames/rts/game/units/j,d,()Ljava/lang/String;,getDisplayTextWithCount,com/corrodinggames/rts/game/units/a/s,True
com/corrodinggames/rts/game/units/j,a,()Ljava/lang/String;,getDescription,com/corrodinggames/rts/game/units/a/s,True
com/corrodinggames/rts/game/units/j,f,()Lcom/corrodinggames/rts/game/units/a/t;,getDisplayType,com/corrodinggames/rts/game/units/a/x,True
com/corrodinggames/rts/game/units/j,e,()Lcom/corrodinggames/rts/game/units/a/u;,getActionCommandType,com/corrodinggames/rts/game/units/a/x,True
com/corrodinggames/rts/game/units/k,b,()Ljava/lang/String;,getText,com/corrodinggames/rts/game/units/a/s,True
com/corrodinggames/rts/game/units/k,d,()Ljava/lang/String;,getDisplayTextWithCount,com/corrodinggames/rts/game/units/a/s,True
com/corrodinggames/rts/game/units/k,a,()Ljava/lang/String;,getDescription,com/corrodinggames/rts/game/units/a/s,True
com/corrodinggames/rts/game/units/k,f,()Lcom/corrodinggames/rts/game/units/a/t;,getDisplayType,com/corrodinggames/rts/game/units/a/x,True
com/corrodinggames/rts/game/units/k,e,()Lcom/corrodinggames/rts/game/units/a/u;,getActionCommandType,com/corrodinggames/rts/game/units/a/x,True
com/corrodinggames/rts/game/units/l,b,(Lcom/corrodinggames/rts/game/units/am;)Z,isVisible,com/corrodinggames/rts/game/units/a/s,True
com/corrodinggames/rts/game/units/l,b,()Ljava/lang/String;,getText,com/corrodinggames/rts/game/units/a/s,True
com/corrodinggames/rts/game/units/l,d,()Ljava/lang/String;,getDisplayTextWithCount,com/corrodinggames/rts/game/units/a/s,True
com/corrodinggames/rts/game/units/l,a,()Ljava/lang/String;,getDescription,com/corrodinggames/rts/game/units/a/s,True
com/corrodinggames/rts/game/units/l,f,()Lcom/corrodinggames/rts/game/units/a/t;,getDisplayType,com/corrodinggames/rts/game/units/a/x,True
com/corrodinggames/rts/game/units/l,e,()Lcom/corrodinggames/rts/game/units/a/u;,getActionCommandType,com/corrodinggames/rts/game/units/a/x,True
com/corrodinggames/rts/game/units/m,b,()Ljava/lang/String;,getText,com/corrodinggames/rts/game/units/a/s,True
com/corrodinggames/rts/game/units/m,d,()Ljava/lang/String;,getDisplayTextWithCount,com/corrodinggames/rts/game/units/a/s,True
com/corrodinggames/rts/game/units/m,a,()Ljava/lang/String;,getDescription,com/corrodinggames/rts/game/units/a/s,True
com/corrodinggames/rts/game/units/m,f,()Lcom/corrodinggames/rts/game/units/a/t;,getDisplayType,com/corrodinggames/rts/game/units/a/x,True
com/corrodinggames/rts/game/units/m,e,()Lcom/corrodinggames/rts/game/units/a/u;,getActionCommandType,com/corrodinggames/rts/game/units/a/x,True
com/corrodinggames/rts/game/units/q,b,(Lcom/corrodinggames/rts/game/units/am;)Z,isVisible,com/corrodinggames/rts/game/units/a/s,True
com/corrodinggames/rts/game/units/q,a,()Ljava/lang/String;,getDescription,com/corrodinggames/rts/game/units/a/s,True
com/corrodinggames/rts/game/units/q,b,()Ljava/lang/String;,getText,com/corrodinggames/rts/game/units/a/s,True
com/corrodinggames/rts/game/units/q,h_,()Z,shouldShowText,com/corrodinggames/rts/game/units/a/s,True
com/corrodinggames/rts/game/units/q,c,()I,getCreditCost,com/corrodinggames/rts/game/units/a/s,True
com/corrodinggames/rts/game/units/q,b,(Lcom/corrodinggames/rts/game/units/am;Z)I,getDisplayQueueCount,com/corrodinggames/rts/game/units/a/s,True
com/corrodinggames/rts/game/units/q,e,()Lcom/corrodinggames/rts/game/units/a/u;,getActionCommandType,com/corrodinggames/rts/game/units/a/s,True
com/corrodinggames/rts/game/units/q,f,()Lcom/corrodinggames/rts/game/units/a/t;,getDisplayType,com/corrodinggames/rts/game/units/a/s,True
com/corrodinggames/rts/game/units/q,g,()Z,isBuildAction,com/corrodinggames/rts/game/units/a/s,True
com/corrodinggames/rts/game/units/q,a,(Lcom/corrodinggames/rts/game/units/am;Z)Z,isActiveAndQueueAllowed,com/corrodinggames/rts/game/units/a/s,True
com/corrodinggames/rts/game/units/q,i,()Lcom/corrodinggames/rts/game/units/as;,getBuildUnitType,com/corrodinggames/rts/game/units/a/s,True
