owner_official,kind,official_name,descriptor,expected_named_name,actual_named_name,present,evidence
com/corrodinggames/rts/game/units/custom/l,field,bg,Z,hasBuildQueueRuntimeEffects,hasBuildQueueRuntimeEffects,true,"CustomUnitLoader sets l.bg when queuedUnits animation exists and when any whenBuilding_* runtime action effect is present: cannotMove, playAnimation, rotateTo, temporarilyConvertTo, or triggerAction. CustomUnit.update then gates the whole build-queue conversion/animation branch on metadata.bg or revertMetadata.bg."
com/corrodinggames/rts/game/units/custom/j,field,g,Z,currentBuildQueueActionBlocksMovement,currentBuildQueueActionBlocksMovement,true,CustomUnit.update stores CustomAction.isWhenBuildingCannotMove into j.g while processing the current build-queue action; if true it zeroes movement velocities cc/cd/cf and CustomUnit.I() returns false while g is set.
com/corrodinggames/rts/game/units/custom/j,field,i,Z,createdEventPending,createdEventPending,true,"Constructor initializes j.i=true. The first CustomUnit.update clears i, runs creation render behaviors, and fires CustomUnitEventType.CREATED; the pre-update createdAnimation branch also checks i before playing metadata.createdAnimation."
com/corrodinggames/rts/game/units/custom/j,field,h,Z,completeAndActiveEventPending,completeAndActiveEventPending,true,"Constructor initializes j.h=true. Later in CustomUnit.update, after behavior update hooks run, h is cleared and CustomUnitEventType.COMPLETE_AND_ACTIVE is fired."
com/corrodinggames/rts/game/units/custom/j,field,dP,F,lastLegBaseX,lastLegBaseX,true,"LegAnimationBehavior computes leg/base motion deltas from current unit eo minus j.dP, then refreshes dP to the current unit x position; CustomUnit.du and reset-position paths also initialize dP from eo."
com/corrodinggames/rts/game/units/custom/j,field,dQ,F,lastLegBaseY,lastLegBaseY,true,"LegAnimationBehavior computes leg/base motion deltas from current unit ep minus j.dQ, then refreshes dQ to the current unit y position; CustomUnit.du and reset-position paths also initialize dQ from ep."
com/corrodinggames/rts/game/units/custom/j,field,dR,F,lastLegBaseHeight,lastLegBaseHeight,true,"LegAnimationBehavior computes leg/base height deltas from current unit eq minus j.dR, then refreshes dR to the current unit height; CustomUnit.du and reset-position paths also initialize dR from eq."
com/corrodinggames/rts/game/units/custom/j,field,dS,F,lastLegBaseDir,lastLegBaseDir,true,"LegAnimationBehavior computes leg/base directional deltas from current body/main-turret direction minus j.dS, then refreshes dS to the current direction; CustomUnit.du and reset-position paths initialize dS from body dir or the lockLegRotationWithMainTurret turret dir."
com/corrodinggames/rts/game/units/custom/j,field,w,F,autoTriggerCooldownTimer,autoTriggerCooldownTimer,true,"CustomUnit auto-trigger update decrements j.w when positive; after a matching autoTrigger fires it resets w from CustomUnitMetadata.autoTriggerCooldownTime, preventing immediate repeat firing."
