child_owner,ancestor_owner,official_name,descriptor,ancestor_named
com/corrodinggames/rts/game/a/a,com/corrodinggames/rts/game/n,d,(Lcom/corrodinggames/rts/game/units/am;)V,onUnitRemovedFromTeam
com/corrodinggames/rts/game/units/al,com/corrodinggames/rts/game/units/am,a_,(Ljava/lang/String;)V,setMapTypeTag
com/corrodinggames/rts/game/units/b/c,com/corrodinggames/rts/game/units/y,bl,()I,getTurretCount
com/corrodinggames/rts/game/units/b/d,com/corrodinggames/rts/game/units/am,a,()V,removeFromGame
com/corrodinggames/rts/game/units/b/d,com/corrodinggames/rts/gameFramework/w,a,()V,removeFromGame
com/corrodinggames/rts/game/units/custom/j,com/corrodinggames/rts/game/units/am,cZ,()F,getTileOffsetX
com/corrodinggames/rts/game/units/custom/j,com/corrodinggames/rts/game/units/am,da,()F,getTileOffsetY
com/corrodinggames/rts/game/units/custom/j,com/corrodinggames/rts/game/units/am,e,(Lcom/corrodinggames/rts/game/n;)V,changeTeam
com/corrodinggames/rts/game/units/d/a/a,com/corrodinggames/rts/game/units/y,bl,()I,getTurretCount
com/corrodinggames/rts/game/units/d/a/b,com/corrodinggames/rts/game/units/am,a_,(Ljava/lang/String;)V,setMapTypeTag
com/corrodinggames/rts/game/units/d/a/b,com/corrodinggames/rts/game/units/am,cZ,()F,getTileOffsetX
com/corrodinggames/rts/game/units/d/a/b,com/corrodinggames/rts/game/units/am,da,()F,getTileOffsetY
com/corrodinggames/rts/game/units/d/i,com/corrodinggames/rts/game/units/am,a,()V,removeFromGame
com/corrodinggames/rts/game/units/d/i,com/corrodinggames/rts/gameFramework/w,a,()V,removeFromGame
com/corrodinggames/rts/game/units/d/m,com/corrodinggames/rts/game/units/d/i,du,()Lcom/corrodinggames/rts/game/units/d/k;,createBuildQueue
com/corrodinggames/rts/game/units/d/p,com/corrodinggames/rts/game/units/am,cZ,()F,getTileOffsetX
com/corrodinggames/rts/game/units/d/p,com/corrodinggames/rts/game/units/am,da,()F,getTileOffsetY
com/corrodinggames/rts/game/units/d/s,com/corrodinggames/rts/game/units/f/i,excludeTeam,(Lcom/corrodinggames/rts/game/units/y;)I,excludeTeam
com/corrodinggames/rts/game/units/d/s,com/corrodinggames/rts/game/units/f/i,onlyEnemiesOfTeam,(Lcom/corrodinggames/rts/game/units/y;)Lcom/corrodinggames/rts/game/n;,onlyEnemiesOfTeam
com/corrodinggames/rts/game/units/d/s,com/corrodinggames/rts/game/units/f/i,setup,(Lcom/corrodinggames/rts/game/units/y;F)V,setup
com/corrodinggames/rts/game/units/d/s,com/corrodinggames/rts/game/units/f/j,callback,(Lcom/corrodinggames/rts/game/units/y;FLcom/corrodinggames/rts/game/units/am;)V,callback
com/corrodinggames/rts/game/units/d/t,com/corrodinggames/rts/game/units/d/i,dv,()I,getProducedUnitSpawnYOffset
com/corrodinggames/rts/game/units/e/c,com/corrodinggames/rts/game/units/y,bl,()I,getTurretCount
com/corrodinggames/rts/game/units/e/d,com/corrodinggames/rts/game/units/y,bl,()I,getTurretCount
com/corrodinggames/rts/game/units/e/i,com/corrodinggames/rts/game/units/am,a,()V,removeFromGame
com/corrodinggames/rts/game/units/e/i,com/corrodinggames/rts/gameFramework/w,a,()V,removeFromGame
com/corrodinggames/rts/game/units/h$9$1,com/corrodinggames/rts/gameFramework/j/ae,a,(Ljava/lang/String;)V,submitPassword
com/corrodinggames/rts/game/units/h$9$1,com/corrodinggames/rts/gameFramework/j/ae,a,()V,cancelPasswordPrompt
com/corrodinggames/rts/game/units/h/a,com/corrodinggames/rts/game/units/y,bl,()I,getTurretCount
com/corrodinggames/rts/game/units/h/b,com/corrodinggames/rts/game/units/y,bl,()I,getTurretCount
com/corrodinggames/rts/game/units/y$1,com/corrodinggames/rts/game/units/f/j,callback,(Lcom/corrodinggames/rts/game/units/y;FLcom/corrodinggames/rts/game/units/am;)V,callback
com/corrodinggames/rts/game/units/y,com/corrodinggames/rts/game/units/am,a,()V,removeFromGame
com/corrodinggames/rts/game/units/y,com/corrodinggames/rts/gameFramework/w,a,()V,removeFromGame
com/corrodinggames/rts/gameFramework/ay,com/corrodinggames/rts/gameFramework/w,a,()V,removeFromGame
com/corrodinggames/rts/gameFramework/b/ah,com/corrodinggames/rts/gameFramework/b/b,b,()I,getContentWidth
com/corrodinggames/rts/gameFramework/b/ah,com/corrodinggames/rts/gameFramework/b/b,c,()I,getContentHeight
com/corrodinggames/rts/gameFramework/f/aq,com/corrodinggames/rts/gameFramework/f/au,a,()Ljava/lang/String;,getText
com/corrodinggames/rts/gameFramework/f/aq,com/corrodinggames/rts/gameFramework/f/au,a,(Lcom/corrodinggames/rts/gameFramework/f/au;)Z,canMergeWith
com/corrodinggames/rts/gameFramework/f/aq,com/corrodinggames/rts/gameFramework/f/au,b,(Lcom/corrodinggames/rts/gameFramework/f/au;)V,mergeFrom
com/corrodinggames/rts/gameFramework/f/ar,com/corrodinggames/rts/gameFramework/f/au,a,()Ljava/lang/String;,getText
com/corrodinggames/rts/gameFramework/f/ar,com/corrodinggames/rts/gameFramework/f/au,a,(Lcom/corrodinggames/rts/gameFramework/f/au;)Z,canMergeWith
com/corrodinggames/rts/gameFramework/f/ar,com/corrodinggames/rts/gameFramework/f/au,b,(Lcom/corrodinggames/rts/gameFramework/f/au;)V,mergeFrom
com/corrodinggames/rts/gameFramework/f/as,com/corrodinggames/rts/gameFramework/f/au,a,()Ljava/lang/String;,getText
com/corrodinggames/rts/gameFramework/f/as,com/corrodinggames/rts/gameFramework/f/au,a,(Lcom/corrodinggames/rts/gameFramework/f/au;)Z,canMergeWith
com/corrodinggames/rts/gameFramework/f/as,com/corrodinggames/rts/gameFramework/f/au,b,()J,getMergeWindowMillis
com/corrodinggames/rts/gameFramework/f/as,com/corrodinggames/rts/gameFramework/f/au,b,(Lcom/corrodinggames/rts/gameFramework/f/au;)V,mergeFrom
com/corrodinggames/rts/gameFramework/f/at,com/corrodinggames/rts/gameFramework/f/au,a,()Ljava/lang/String;,getText
com/corrodinggames/rts/gameFramework/f/f$1,com/corrodinggames/rts/gameFramework/f/b,b,()V,run
com/corrodinggames/rts/gameFramework/f/f$2,com/corrodinggames/rts/gameFramework/f/b,b,()V,run
com/corrodinggames/rts/gameFramework/j/ai$1,com/corrodinggames/rts/gameFramework/j/ai,a,()Ljava/lang/String;,getDisplayName
com/corrodinggames/rts/gameFramework/j/ai$2,com/corrodinggames/rts/gameFramework/j/ai,a,()Ljava/lang/String;,getDisplayName
com/corrodinggames/rts/gameFramework/j/ai$3,com/corrodinggames/rts/gameFramework/j/ai,a,()Ljava/lang/String;,getDisplayName
com/corrodinggames/rts/gameFramework/k/f,com/corrodinggames/rts/gameFramework/k/k,a,()Ljava/util/LinkedList;,getPathNodes
com/corrodinggames/rts/gameFramework/k/f,com/corrodinggames/rts/gameFramework/k/k,a,(Lcom/corrodinggames/rts/game/units/am;)Lcom/corrodinggames/rts/gameFramework/k/c;,getUnitTargetAdapter
com/corrodinggames/rts/gameFramework/k/f,com/corrodinggames/rts/gameFramework/k/k,a,(Lcom/corrodinggames/rts/gameFramework/k/k;)Z,isSameRequest
com/corrodinggames/rts/gameFramework/k/f,com/corrodinggames/rts/gameFramework/k/k,b,()Z,isImmediate
com/corrodinggames/rts/gameFramework/k/f,com/corrodinggames/rts/gameFramework/k/k,c,()Z,hasPath
com/corrodinggames/rts/gameFramework/k/h,com/corrodinggames/rts/gameFramework/k/c,a,(Lcom/corrodinggames/rts/game/units/am;)Lcom/corrodinggames/rts/game/units/af;,getStartTarget
com/corrodinggames/rts/gameFramework/k/h,com/corrodinggames/rts/gameFramework/k/c,b,(Lcom/corrodinggames/rts/game/units/am;)Lcom/corrodinggames/rts/game/units/af;,getEndTarget
com/corrodinggames/rts/gameFramework/l$4,com/corrodinggames/rts/gameFramework/utility/e,a,(Lcom/corrodinggames/rts/gameFramework/utility/a;)V,onAppNotResponding
com/corrodinggames/rts/java/Main,com/corrodinggames/rts/gameFramework/j/ac,a,(Lcom/corrodinggames/rts/gameFramework/j/ae;)V,onPasswordPrompt
com/corrodinggames/rts/java/Main,com/corrodinggames/rts/gameFramework/j/ac,a,(Lcom/corrodinggames/rts/gameFramework/j/c;Ljava/lang/String;Ljava/lang/String;)Z,allowClientChatMessage
com/corrodinggames/rts/java/Main,com/corrodinggames/rts/gameFramework/j/ac,b,(Lcom/corrodinggames/rts/gameFramework/j/c;Ljava/lang/String;Ljava/lang/String;)V,onClientChatMessageAccepted
com/corrodinggames/rts/java/Main,com/corrodinggames/rts/gameFramework/j/ac,a,(Lcom/corrodinggames/rts/gameFramework/j/c;Ljava/lang/String;)Ljava/lang/String;,validatePlayerSlotJoin
com/corrodinggames/rts/java/Main,com/corrodinggames/rts/gameFramework/j/ac,c,(Lcom/corrodinggames/rts/gameFramework/j/c;Ljava/lang/String;Ljava/lang/String;)V,onPlayerRegistered
com/corrodinggames/rts/java/Main,com/corrodinggames/rts/gameFramework/j/ac,d,()V,onBattleroomClosed
com/corrodinggames/rts/java/audio/a/f,com/corrodinggames/rts/java/audio/a/h,remove,()V,remove
com/corrodinggames/rts/java/audio/a/j,com/corrodinggames/rts/java/audio/a/l,remove,()V,remove
com/corrodinggames/rts/java/audio/a/p,com/corrodinggames/rts/java/audio/a/r,remove,()V,remove
com/corrodinggames/rts/java/k,com/corrodinggames/rts/gameFramework/j/r,a,(IZ)Lorg/apache/http/client/HttpClient;,newHttpClient
com/corrodinggames/rts/java/k,com/corrodinggames/rts/gameFramework/j/r,a,(Lorg/apache/http/client/HttpClient;)V,releaseHttpClient
